Codigo;Natureza Fiscal (Obrigatório);CNPJ/CPF(14);Status do Fornecedor (Obrigatório);Nome;Nome;Inscricao(12);Inscrição Municipal (Não Obrigatório);Inicio de Atividade (Não Obrigatório);Cidade;Estado;CEP;Bairro;Telefone1
296;Juridica;4076000195;1;Data Harbs Comercial Ltda;Data Harbs Comercial Ltda;1,16E+11;;; São Paulo; SP;4581001; Brooklin; (11)5096-5612
126;Juridica;63960001504;1;Wal Mart Brasil Ltda;Wal Mart Brasil Ltda;1,15E+11;;; São Paulo; SP;1138000; Pacaembu; 3930-3700
283;Juridica;2,10792E+11;1;Fotune Light Imp. E Exp. Ltda.;Fotune Light Imp. E Exp. Ltda.;1,14E+11;;; Sào Paulo; sp;2712130; Limão; 3933-3162
27;Juridica;2,56887E+11;1;FG Distribuidora de Materiais p/ Laborat;FG Distribuidora de Materiais p/ Laborat;1,14E+11;;; São Paulo; SP;1521030; Cambuci; (11) 3277-1707
235;Juridica;3,15567E+11;1;Medstory Comércio de Prod. Hosp. Ltda.;Medstory Comércio de Prod. Hosp. Ltda.;1,14E+11;;; São Paulo; sp;3185010; vila Bertioga; 6121-5891
134;Juridica;3,2033E+11;1;Papelaria Prata Ltda.;Papelaria Prata Ltda.;1,14E+11;;; São Paulo; SP;1311000; Cerqueira Cesar; 2251-3770
191;Juridica;3,31353E+11;1;Moveis London- Dora Tarsitano de Souza;Moveis London- Dora Tarsitano de Souza;2,25E+11;;; Bragança Paulista; SP;12903010; Vila Motta; 4603-1125
327;Juridica;3,98022E+11;1;P.A PRODUTOS CIENTIFICOS LTDA;P.A PRODUTOS CIENTIFICOS LTDA;2,78E+11;;; São Paulo; SP;6716100; Cotia; (11) 4615-4492
334;Juridica;3,98641E+11;1;Tech Data Brasil;Tech Data Brasil;2,06E+11;;; Barueri; sp;6460040; Barueri;
379;Juridica;4,24413E+11;1;Deskarplás Indústria e Comércio Ltda.;Deskarplás Indústria e Comércio Ltda.;1,14E+11;;; Mogi das Cruzes; SP;8820515; César de Souza; 4792-4242
347;Juridica;5,00803E+11;1;Active Com de Sistema de Seg. Conta I Lt;Active Com de Sistema de Seg. Conta I Lt;1,16E+11;;; São Paulo; SP;5057020; Lapa; (11) 3832-8146
268;Juridica;5,27615E+11;1;Planeta Frio Com Peças Refr Ltda.;Planeta Frio Com Peças Refr Ltda.;1,14E+11;;; São Paulo; SP;1215000; Campos Elíseos; (11) 3361-8780
186;Juridica;5,91858E+11;1;Real Mania;Real Mania;1,14E+11;;; São Paulo; SP;1410000; Lapa; 3675-3275
48;Juridica;6,00397E+11;1;Hemo Com. Imp. Prod. p/ Hemoterapia;Hemo Com. Imp. Prod. p/ Hemoterapia;1,14E+11;;; São Paulo; SP;5711001; Morumbi; (11) 3746-6333
156;Juridica;6,36892E+11;1;Aldmed Comercio e Distribuição Ltda.;Aldmed Comercio e Distribuição Ltda.;1,14E+11;;; sao paulo; sp;2738000; Freguesia do Ó; 3931-1888
408;Juridica;6,37825E+11;1;Globomed Comercial Ltda;Globomed Comercial Ltda;Isento;;; São Paulo; SP;4253000; Sacomã; (11) 2914-6060
206;Juridica;6,37933E+11;1;Telemar Com e Serv. Máq. Imp Mult Ltda;Telemar Com e Serv. Máq. Imp Mult Ltda;4,07E+11;;; Jundiaí; SP;13208001; Anhangabaú; (11)4523-4200
67;Juridica;6,47935E+11;1;Master Diagnóstica Prod. Lab.e Hosp.Ltda;Master Diagnóstica Prod. Lab.e Hosp.Ltda;1,14E+11;;; São Paulo; SP;3190080; Moóca; (11)2084-5454
321;Juridica;7,57668E+11;1;Isomedical Comercial Ltda;Isomedical Comercial Ltda;1,14E+11;;; Sâo  Paulo; SP;4304020; Vila Monte Alegre; (11) 5584-6228
280;Juridica;7,76574E+11;1;Americanas .Com;Americanas .Com;3,73E+11;;; Itapevi; SP;6696150; Itaqui; 4003-1000
285;Juridica;8,1131E+11;1;Mk Leste Comércio e Serviços Ltda;Mk Leste Comércio e Serviços Ltda;1,14E+11;;; São Paulo; SP;3113010; Mooca; (11)6607-5566
11;Juridica;8,77486E+11;1;Nataly Com. Gelo Seco Ltda;Nataly Com. Gelo Seco Ltda;1,15E+11;;; São Paulo; SP;4205001; Ipiranga; (11)2272-6868
144;Juridica;8,97408E+11;1;Dade Behring Ltda;Dade Behring Ltda;1,15E+11;;; São Paulo; SP;4575060; Brooklin; (11) 3371-3200
325;Juridica;8,99673E+11;1;LPM - Informática Comercial Ltda.;LPM - Informática Comercial Ltda.;1,15E+11;;; São Paulo; SP;4604007; Brooklin; (11) 5097-6877
220;Juridica;9,98426E+11;1;Spam  do Brasil Ind. e Com Ltda;Spam  do Brasil Ind. e Com Ltda;3,53E+11;;; Itu/SP; SP;13300070; Centro; (11)4023-0443
400;Juridica;1,00573E+12;1;Labor Import. Coml. Imp. Exp. Ltda.;Labor Import. Coml. Imp. Exp. Ltda.;4,92E+11;;; Osasco; SP;6016010; Damasco; 11) 3652-2525
1;Juridica;1,05743E+12;1;Descarpack Descartáveis do Brasil Ltda;Descarpack Descartáveis do Brasil Ltda;1,15E+11;;; São Paulo; SP;5092000; Vila Anastácio; (11)3837-0688
214;Juridica;1,11104E+12;1;W.H.B. do Brasil Ltda.;W.H.B. do Brasil Ltda.;2,06E+11;;; barueri; SP;6455900; Alphaville; 0800-177 123
390;Juridica;1,14545E+12;1;Bella Vitrine Art. p Lojistas - ME;Bella Vitrine Art. p Lojistas - ME;6,35E+11;;; São Paulo; SP;9725000; Centro; (11)4332-3621
377;Juridica;1,29039E+12;1;Sebast Comercio Distribuidora LTDA;Sebast Comercio Distribuidora LTDA;1,15E+11;;; São Paulo; SP;4815060; Jardim Satélite; (11)  5669-7777
228;Juridica;1,29951E+12;1;Biomedica Equipamentos e Supri Ltda.;Biomedica Equipamentos e Supri Ltda.;7,36E+11;;; Brasília; DF;71200030;; (61) 3363-4422
349;Juridica;1,31022E+12;1;Cirurgica Mafra Ltda;Cirurgica Mafra Ltda;5,82E+11;;; Ribeirão Preto; SP;1409514; Lagoinha; (11)3026-9400
341;Juridica;1,31022E+12;1;CM Hospitalar Ltda;CM Hospitalar Ltda;isento;;; Catalão; Go;75707230; N Senhora do Rosário; (11)3026-9400
151;Juridica;1,31514E+12;1;Tasi Clean Comercial  Ltda;Tasi Clean Comercial  Ltda;1,15E+11;;; São Paulo; SP;4209002; Ipiranga; 274-2220
166;Juridica;1,38572E+12;1;Celeiro dos Sonhos-Osmar S. B. Filho EPP;Celeiro dos Sonhos-Osmar S. B. Filho EPP;1,15E+11;;; São Paulo; SP;4635080; Aeroporto;
367;Juridica;1,39921E+12;1;G.I Press Gráfica Editora Ltda;G.I Press Gráfica Editora Ltda;1,15E+11;;; São Paulo; SP;4112002; Ipiranga; (11)  5572-4333
122;Juridica;1,42442E+12;1;RJT Com. de Produtos Med. e Repres. Ltda;RJT Com. de Produtos Med. e Repres. Ltda;1,15E+11;;; Sao Paulo; SP;4116000; Vila Maria; 5575-7560
278;Juridica;1,42677E+12;1;Pro biann.Com Dis. Prod. Alim. Beb. Ltda;Pro biann.Com Dis. Prod. Alim. Beb. Ltda;4,92E+11;;; Osasco; sp;6230130; Jd. Piratininga; (11)3599-6611
57;Juridica;1,44488E+12;1;MM & Primo Com. Representações Ltda;MM & Primo Com. Representações Ltda;7,12E+11;;; Várzea Paulista; SP;13220330; Jardim São Gonçalo; (11) 4606-2242
443;Juridica;1,4713E+12;1;Sao Paulo Oxigenio Comercio Degases Ltda;Sao Paulo Oxigenio Comercio Degases Ltda;isento;;; Sao Paulo; SP;2911035; Freguesia do Ò; (11) 3998-8906
291;Juridica;1,49503E+12;1;Alcatech telecomunicações  Ltda.;Alcatech telecomunicações  Ltda.;1,15E+11;;; São Paulo; SP;4702002; Santo Amaro; 5521-8277
387;Juridica;1,50248E+12;1;Padrao Tecnologia em Balancas Ltda;Padrao Tecnologia em Balancas Ltda;1,14E+11;;; São Paulo; SP;4163050; Sáude; (11)2947-1588
404;Juridica;1,56262E+12;1;Bombonieri Brigadeiro LTDA-ME;Bombonieri Brigadeiro LTDA-ME;1,15E+11;;; São Paulo; SP;1401000; JD Paulista; (11) 3284-8272
289;Juridica;1,5717E+12;1;Halex Istar Industria Farmacêu Ltda;Halex Istar Industria Farmacêu Ltda;Isento;;; São Paulo; SP;5093030; Vila Anastacio; (11) 5571-3538
331;Juridica;1,63948E+12;1;Lunamed Distrib. de Prod. Medicos Ltda.;Lunamed Distrib. de Prod. Medicos Ltda.;1,15E+11;;; Sao Paulo; sp;1137000; Barra Funda; (11)2134-9050
116;Juridica;1,66029E+12;1;Ibraphel Gráfica e Editora Ltda;Ibraphel Gráfica e Editora Ltda;1,15E+11;;; São Paulo; SP;1223068; Santa Cecília; 3256-1088
12;Juridica;1,74878E+12;1;PowerShop Material;PowerShop Material;1,15E+11;;; São Paulo; SP;5421000; Pinheiros; 3815-2044
25;Juridica;1,75924E+12;1;Horiba Instruments Brasil Ltda.;Horiba Instruments Brasil Ltda.;2,06E+11;;; São Paulo; sp;4717910;; (11) 2923-5400
157;Juridica;1,76336E+12;1;Doce Alegria comercial Ltda.;Doce Alegria comercial Ltda.;1,15E+11;;; Sao Paulo; sp;1401000; Bela Vista;
223;Juridica;1,77194E+12;1;Ingram Micro Brasil Ltda;Ingram Micro Brasil Ltda;2,06E+11;;; Barueri; SP;6460910;; (11)5573-1597
185;Juridica;1,93764E+12;1;Sonda Supermacados Exp. e Imp. Ltda.;Sonda Supermacados Exp. e Imp. Ltda.;1,16E+11;;; Sào Paulo; SP;1400100; Agua Branca;
374;Juridica;1,9758E+12;1;Salutis Hospitalar Ltda;Salutis Hospitalar Ltda;9013600497;;; Curitiba; PR;80250220; Centro; (41) 3326-60000
294;Juridica;1,98727E+12;1;Vallitech Indústria e Com.  Art Met Ltda;Vallitech Indústria e Com.  Art Met Ltda;9013789832;;; São Paulo; PR;83324160; Pinhais; (11)5572-2044
44;Juridica;1,99051E+12;1;Anfer Ind. Com. de Etiquetas Adesivas;Anfer Ind. Com. de Etiquetas Adesivas;1,15E+11;;; São Paulo; SP;2251002; Tucuruvi; (11) 2249-6264
333;Juridica;2,02227E+12;1;Concepta DG Compliance Ltda;Concepta DG Compliance Ltda;1,15E+11;;; São Paulo; SP;3185010; Mooca; (11) 2602-1700
227;Juridica;2,03377E+12;1;Springway  Imp. Expot. Com. e Serv. Ltda;Springway  Imp. Expot. Com. e Serv. Ltda;1,15E+11;;; São Paulo; SP;4537012; V. Olimpia; (11)3846-6670
272;Juridica;2,08081E+12;1;Proderg Sup. Ind. e Com. Prod. Erg. Ltda;Proderg Sup. Ind. e Com. Prod. Erg. Ltda;1,15E+11;;; São Paulo; SP;3725030; Eng. Goulart; (11) 2625-2233
183;Juridica;2,1739E+12;1;Acil Automação Coml. Informática Ltda.;Acil Automação Coml. Informática Ltda.;1,15E+11;;; São Paulo; SP;4104050; Paraíso; 3284-4422
398;Juridica;2,23138E+12;1;Promicro Industrial Ltda;Promicro Industrial Ltda;1,15E+11;;; São Paulo; SP;5331030; Pompeia; (11) 3714-0699
36;Juridica;2,23412E+12;1;Clipper Água Comercial Ltda-ME;Clipper Água Comercial Ltda-ME;1,15E+11;;; São Paulo; SP;4826010; Vila Helma; (11) 5666-3593
429;Juridica;2,25968E+12;1;Parametro Com de Prod Hosp LTDA;Parametro Com de Prod Hosp LTDA;1,15E+11;;; São Paulo; SP;2435000; Alto do Mandaqui; (11) 2236-3043
54;Juridica;2,26612E+12;1;Well Com.  Prod. M. Hosp. Prest. Se Ltda;Well Com.  Prod. M. Hosp. Prest. Se Ltda;1,15E+11;;; São Paulo; SP;5021000; Perdizes; (11)3801-4455
180;Juridica;2,26659E+12;1;Arte Gráfica Potyguaara Ltda;Arte Gráfica Potyguaara Ltda;1,16E+11;;; São Paulo; SP;4257170; Vila Arapuá; 6969-4077
361;Juridica;2,28029E+12;1;Viamed Prods. Med. Hosp. Ltda.;Viamed Prods. Med. Hosp. Ltda.;1,15E+11;;; São Paulo; SP;4374020; Vila Sta. Catarina; 5677-0209
432;Juridica;2,28243E+12;1;FranLab Com e Rep de Prod Medicos Ltda;FranLab Com e Rep de Prod Medicos Ltda;1,15E+11;;; São Paulo; SP;2451000; Santa Teresinha; (11) 2559-4139
486;Juridica;2,32312E+12;1;FUJICOM COMÉRCIO DE MATERIAIS E IMPO LTD;FUJICOM COMÉRCIO DE MATERIAIS E IMPO LTD;69977879;;; Faortaleza; CE;60120002; Joaquim Tavorá; (085) 4009-6600
403;Juridica;2,33882E+12;1;Wow Industria e Comercio Ltda;Wow Industria e Comercio Ltda;2,34E+11;;; São Paulo; SP;12280000; Santa Luiza; (11) 3549-6500
381;Juridica;2,36169E+12;1;Brasfire Equipa contra Inc Ltda;Brasfire Equipa contra Inc Ltda;6,35E+11;;; S.B cAMPO; SP;9639000; S.B Campo; (11) 4361-1312
276;Juridica;2,37794E+12;1;RC - Móveis Hospitalares;RC - Móveis Hospitalares;7,48E+11;;; Hortolândia; SP;13187042; JD Boa Vista; (19) 3887-2977
251;Juridica;2,41946E+12;1;Labtech Prod. p/ Lab. e Hospital Ltda;Labtech Prod. p/ Lab. e Hospital Ltda;1,15E+11;;; São Paulo; SP;3066010; Tatuapé; (11)2293-7778
354;Juridica;2,47999E+12;1;Pró Luvas Industrial Ltda.;Pró Luvas Industrial Ltda.;1,15E+11;;; São Paulo; SP;5132180; Vila Mangalot; (11) 3903-3838
200;Juridica;2,48422E+12;1;CCA Cabos Conectores & Acessórios Ltda.;CCA Cabos Conectores & Acessórios Ltda.;1,15E+11;;; São Paulo; SP;1210000; Sta. Ifigenia; (11)3226-6000
208;Juridica;2,49422E+12;1;Casa Das Bobinas Ltda.;Casa Das Bobinas Ltda.;1,15E+11;;; São Paulo; sp;4503301; Itaim Bibi; 3168-6446
139;Juridica;2,5139E+12;1;Grifols Brasil Ltda.;Grifols Brasil Ltda.;9016148307;;; Pinhais; PR;83325000; Vl. Perneta; 041-668-2444
385;Juridica;2,54395E+12;1;Ultrafarma Saúde Ltda;Ultrafarma Saúde Ltda;6,16E+11;;; Santa Isabel; SP;4055050; Santa Isabel; (11) 5591-1466
216;Juridica;2,63493E+12;1;FNAC do Brasil Ltda.;FNAC do Brasil Ltda.;1,17E+11;;; São Paulo; SP;1311100; JD Paulista; 2123-2000
35;Juridica;2,63951E+12;1;Marcos Lopes Ribeiro - ME;Marcos Lopes Ribeiro - ME;1,15E+11;;; São Paulo; SP;3042001; Brás; (11) 3277-4533
49;Juridica;2,64372E+12;1;Coml. Commed Prod. Hospitalares Ltda;Coml. Commed Prod. Hospitalares Ltda;1,15E+11;;; São Paulo; SP;4038003; Vila Mariana; (11)5081-8283
40;Juridica;2,64384E+12;1;Megatoner Comércio e Importação Ltda;Megatoner Comércio e Importação Ltda;isento;;; São Paulo; SP;3047000; Brás; (11) 6695-0185
62;Juridica;2,66179E+12;1;Sarstedt Ltda;Sarstedt Ltda;6,23E+11;;; São Paulo; SP;6543312; Tamboré - Polo Empresarial; (11)4338-8666ph
474;Juridica;2,73556E+12;1;SCBR Automação do Brasil Ltda;SCBR Automação do Brasil Ltda;7,96E+11;;; Guarullhos; SP;7025250; Vila Augusta; (11) 2423-7500
209;Juridica;2,76055E+12;1;Idelglass Com de Artigos  p/ Lab. Ltda.;Idelglass Com de Artigos  p/ Lab. Ltda.;1,15E+11;;; São Paulo; SP;1103100; Luz; 3312-0696
392;Juridica;2,769E+12;1;Euromed Com e importação Ltda;Euromed Com e importação Ltda;3,76E+12;;; Lagoa Santa; MG;33400000; Sobradinho; (31)3689-9910
199;Juridica;2,78343E+12;1;ACF Informática Ltda.;ACF Informática Ltda.;1,15E+11;;; São Paulo; SP;1207001; Sta. Ifigenia; 3224-8455
212;Juridica;2,82267E+12;1;Flash Suprimentos Medicos Ltda EPP;Flash Suprimentos Medicos Ltda EPP;1,15E+11;;; sao paulo; sp;4143010; Saude; (11)2276-9911
365;Juridica;2,88188E+12;1;Intercontinental Medical Imp.  Exp. LTDA;Intercontinental Medical Imp.  Exp. LTDA;4,42E+11;;; Mauá; SP;9370850;; (11) 4512-8600
378;Juridica;2,88217E+12;1;Tecnohare Serv e Sup Médicos Ltda;Tecnohare Serv e Sup Médicos Ltda;1,15E+11;;; São Paulo; SP;4088006; Moema; (11) 5535-6773
103;Juridica;2,88888E+12;1;Immuno Service Repres. Prod. Lab. Ltda;Immuno Service Repres. Prod. Lab. Ltda;6,36E+11;;; São Caetano do Sul; SP;9560051; Jd. Barcelona; (71) 332-5508
52;Juridica;2,89721E+12;1;Zarif Pinheiros Comercial Ltda;Zarif Pinheiros Comercial Ltda;1,16E+11;;; São Paulo; SP;5416010; Pinheiros; (11) 3819-5886
129;Juridica;2,93008E+12;1;Submarino S/A;Submarino S/A;1,16E+11;;; São Paulo; SP;1137040; Barra Funda;
355;Juridica;2,99231E+12;1;Blue Point Dist. de Art. de Pap LTDA;Blue Point Dist. de Art. de Pap LTDA;1,16E+11;;; São Paulo; SP;3032020; Pari; (11) 3311-0203
256;Juridica;3,07557E+12;1;Sparapan Com de Confeccões Ltda-me;Sparapan Com de Confeccões Ltda-me;1,15E+11;;; São Paulo; SP;5736000; Jardim Inga; (11)5511-0465
210;Juridica;3,18145E+12;1;Bio-oxford Importação Ltda.;Bio-oxford Importação Ltda.;1,15E+11;;; são paulo; sp;4716010; chacara santo antonio; (11)5183-9969
72;Juridica;3,1882E+12;1;Bio-Rad Laboratórios Brasil Ltda;Bio-Rad Laboratórios Brasil Ltda;2,06E+11;;; Barueri; SP;6460000; Centro; (11) 5044-5699
86;Juridica;3,21503E+12;1;Guinez International Com. Repres. Ltda;Guinez International Com. Repres. Ltda;6,36E+11;;; São Paulo; SP;9510021; São Caetano do Sul; (11) 4226-4532
224;Juridica;3,34256E+12;1;Kit Service Com. de Bebedouros Ltda -Epp;Kit Service Com. de Bebedouros Ltda -Epp;1,16E+11;;; São Paulo; SP;5051030; V. Romana; 3865-5829
397;Juridica;3,43433E+12;1;Medimport Com Prod Hosp Ltda;Medimport Com Prod Hosp Ltda;1,17E+11;;; São Paulo; SP;5058010; Lapa;
460;Juridica;3,43932E+12;1;Construdecor S.A;Construdecor S.A;Isento;;; São Paulo; SP;7232151; C. Industrial; (11) 2413-1444
179;Juridica;3,44898E+12;1;Qualiterm Eletrônica Ltda-Me;Qualiterm Eletrônica Ltda-Me;2,64E+11;;; Cesário Lange; SP;18285000; Monte Alegre; (11)3023-3003
241;Juridica;3,46048E+12;1;A.P. Lima Produtos hospitalares;A.P. Lima Produtos hospitalares;76058792;;; Rio de Janeiro; RJ;21032000; Bonsucesso;
174;Juridica;3,52434E+12;1;Drogaria Danilu Ltda. - ME;Drogaria Danilu Ltda. - ME;1,15E+11;;; São Paulo; SP;4013041; Vl. Mariana; 3884-0082
102;Juridica;3,54111E+12;1;New Bandage Industria e Comércio;New Bandage Industria e Comércio;2,78E+11;;; São Paulo; SP;6727215; Vila Santa Catarina; (11)4242-9790
310;Juridica;3,57333E+12;1;1000 Marcas Ltda;1000 Marcas Ltda;1,16E+11;;; São Paulo; SP;3078005; Tatuapé; (11) 6195-2400
274;Juridica;3,57672E+12;1;Comercial Lux Clean Mat. de L.e D.Ltda;Comercial Lux Clean Mat. de L.e D.Ltda;1,15E+11;;; São Paulo; sp;2177020; Pq. Novo Mundo; 6631-0612
315;Juridica;3,59204E+12;1;Info Show Com Locações Ltda-Me;Info Show Com Locações Ltda-Me;1,16E+11;;; São Paulo; SP;1323000; Bela Vista; (11) 3266-4170
353;Juridica;3,61435E+12;1;FM FERREIRA MAT MEDICOS E CIR LATDA;FM FERREIRA MAT MEDICOS E CIR LATDA;84248304;;; Rio de Janeiro; RJ;21070040; Penha; (11) 5575-7560
301;Juridica;3,65089E+12;1;Columbia Comercial Paulista Ltda.;Columbia Comercial Paulista Ltda.;1,16E+11;;; São Paulo; sp;3515070; Vila Matilde; 2146-9324
413;Juridica;3,6758E+12;1;Fire & Serviços Manu Contra Incêndio Ltd;Fire & Serviços Manu Contra Incêndio Ltd;1,16E+11;;; São Paulo; SP;2417210; Alto de Santana; (11)  2994-3011
159;Juridica;3,68839E+12;1;Mega Diagnóstica Comercial Ltda - ME;Mega Diagnóstica Comercial Ltda - ME;1,15E+11;;; Sao Paulo; SP;5335120; Jaguaré; (11) 3766-6931
55;Juridica;3,74694E+12;1;Office Net do Brasil S.A.;Office Net do Brasil S.A.;1,16E+11;;; São Paulo; SP;1138000; Barra Funda; 3824-7474
234;Juridica;3,79197E+12;1;NG Yan Presentes - Me;NG Yan Presentes - Me;1,17E+11;;; São Paulo; SP;1310100; Cerqueira Cesar;
299;Juridica;3,84099E+12;1;Construmega Megacenter da Const. Ltda;Construmega Megacenter da Const. Ltda;1,16E+11;;; São Paulo; SP;5034000; Lapa; (11) 3787-1010
176;Juridica;3,84367E+12;1;Comercio de Gelo Seco Ltda.- ME;Comercio de Gelo Seco Ltda.- ME;1,16E+11;;; Diadema; sp;9920380; Vl. Maria Leonor; 4055-4047
93;Juridica;3,84688E+12;1;Deskarlab Comercial Ltda-EPP;Deskarlab Comercial Ltda-EPP;1,16E+11;;; São Paulo; SP;3342000; Vila Regente Feijó; 6601-4004
196;Juridica;3,87677E+12;1;Pontocom Papéis Ltda;Pontocom Papéis Ltda;1,16E+11;;; Sandoval; SP;1230000; Perdizes; 3862-6906
184;Juridica;3,9579E+12;1;SILVIA;SILVIA;1,16E+11;;; São Paulo; SP;1410000;; 3311-7945
309;Juridica;3,99246E+12;1;Mac Technical Service Ltda.;Mac Technical Service Ltda.;1,16E+11;;; Sâo Paulo; SP;5002060; Água Branca; (11) 3868-2672
51;Juridica;4,00089E+12;1;Grafica Daniel Bertti dos Reis;Grafica Daniel Bertti dos Reis;isento;;; São Paulo; SP;4202000; Ipiranga; (11) 2273-9878
330;Juridica;4,02133E+12;1;Tecmedica Hospitalares Ltda;Tecmedica Hospitalares Ltda;isento;;; Salvador; BA;40404090; Nazare; (71)3496-2600
240;Juridica;4,13191E+12;1;Aura Metalica Sup.  TEc e Vendas Ltda;Aura Metalica Sup.  TEc e Vendas Ltda;1,16E+11;;; São Paulo; SP;3731030; Penha; 6641-1053
414;Juridica;4,27176E+12;1;SOCORRO EPI´S & DESCARTÁVEIS LTDA;SOCORRO EPI´S & DESCARTÁVEIS LTDA;1,16E+11;;; SÃO PAULO; SP;4766050; SOCORRO; (11)) 5681-7000
372;Juridica;4,30765E+12;1;Onco Prod. Dist.  Prod. Hosp. Onco Ltda;Onco Prod. Dist.  Prod. Hosp. Onco Ltda;1,16E+11;;; São Paulo; SP;462000; Campo Belo; 11 5053-5900
231;Juridica;4,32638E+12;1;Connect Lan Comercial do Brasil;Connect Lan Comercial do Brasil;1,16E+11;;; São Paulo; SP;4633051; Jd Aeroporto; (11)5031-4669
302;Juridica;4,34742E+12;1;Aspen Moda Branca Ltda;Aspen Moda Branca Ltda;1,16E+11;;; São Paulo; SP;1224040; Santa Cecília; (11) 3333-1140
182;Juridica;4,47914E+12;1;Datasupri Brasil Informática Ltda.;Datasupri Brasil Informática Ltda.;1,16E+11;;; S PAULO; sp;5095035; Vila Anastacio, 10735; (11)3647-2444
336;Juridica;4,53646E+12;1;Marcia Iolanda Ferreira de Faria - ME;Marcia Iolanda Ferreira de Faria - ME;1,16E+11;;; S. Paulo; SP;1333021; Bela Vista; (11)3284-7673
108;Juridica;4,62754E+12;1;Star BKS Ltda.;Star BKS Ltda.;1,16E+11;;; São Paulo; SP;1532001; Aclimação; 3839-9000
233;Juridica;4,64664E+12;1;DCR Automações Laboratoria;DCR Automações Laboratoria;Isento;;; São Paulo; SP;3976190;; 6707-6077
213;Juridica;4,67058E+12;1;Japa Informática Comércio e Servi. Ltda-;Japa Informática Comércio e Servi. Ltda-;1,16E+11;;; São Paulo; SP;1153000; Centro; 3331-9026
441;Juridica;4,68131E+12;1;Nova Limp Com de Emba e Desc Ltda;Nova Limp Com de Emba e Desc Ltda;6,27E+11;;; Santo André; SP;9060110; Vila Valparaiso; (11)  2139-7300
399;Juridica;4,7159E+12;1;Forprinter Ind. Com.Ltda;Forprinter Ind. Com.Ltda;6,36E+11;;; S C Sul; SP;9550050; Centeo; (11) 2578-3098
117;Juridica;4,74223E+12;1;Pequerrucha Presentes Ltda-Me;Pequerrucha Presentes Ltda-Me;1,16E+11;;; São Paulo; SP;4042031; Vila Clementino; (11) 5589-6618
198;Juridica;4,84275E+12;1;Jose Batista de Souto - epp;Jose Batista de Souto - epp;1,16E+11;;; São Paulo; SP;1207000; Santa Ifigenia; 3224-8303
307;Juridica;4,86678E+12;1;Neiri Vatanabe - EPP;Neiri Vatanabe - EPP;1,16E+11;;; São Paulo; SP;1402000; Jd Paulista; (11) 3885-4409
148;Juridica;4,91889E+12;1;Thiacron Comercial Técnica Ltda Me;Thiacron Comercial Técnica Ltda Me;Isenta;;; São Paulo; SP;4363060;; (11) 5678-4074
30;Juridica;4,91902E+12;1;Alfaplast Com. de Prod. para Laboratório;Alfaplast Com. de Prod. para Laboratório;1,16E+11;;; São Paulo; SP;1507010; Ipiranga; (11)2589-6544
15;Juridica;4,93367E+12;1;MD Foods Ltda;MD Foods Ltda;1,17E+11;;; São Paulo; SP;5276000; Vila Sulina; 3915-9928
438;Juridica;5,07596E+12;1;Cinco Confianca Ind e Com Ltda;Cinco Confianca Ind e Com Ltda;Isento;;; Anapolis; Go;75132045; Daia; (62) 3387-2687
359;Juridica;5,11872E+12;1;Centro de Distribuição Best Bag;Centro de Distribuição Best Bag;1,17E+11;;; São Paulo; SP;5348030; Jaguaré; (11) 3834-0244
435;Juridica;5,15088E+12;1;Health Quality Ind e Com Ltda - EPP;Health Quality Ind e Com Ltda - EPP;4,00E+11;;; Jarinu; SP;13240000; Jardim da Saúde; (11) 4016-1506
360;Juridica;5,15421E+12;1;Dix Sistema de Higiene Ltda;Dix Sistema de Higiene Ltda;1,16E+11;;; São Paulo; SP;4202000; Ipiranga; (11)2592-1977
303;Juridica;5,15915E+12;1;Iddeia Serviços e Marketing Ltda.;Iddeia Serviços e Marketing Ltda.;6,23E+11;;; Santana de Parnaiba; SP;6541015; Alphaville; (11)3377-2823
135;Juridica;5,16409E+12;1;In Line Medical do Brasil Ltda.;In Line Medical do Brasil Ltda.;77553819;;; Rio de Janeiro; RJ;22631020; Ramos;
3;Juridica;5,16963E+12;1;Office Leader Dist. e Log. Ltda;Office Leader Dist. e Log. Ltda;1,16E+11;;; São Paulo; SP;3131010; Vila Prudente; 2020-49111
138;Juridica;5,19513E+12;1;CONSALAB Coml & Imp. Ltda;CONSALAB Coml & Imp. Ltda;1,16E+11;;; São Paulo; SP;4267000; Vl. Dom Pedro I; (11)2065-6000
271;Juridica;5,19737E+12;1;Crizam Confecções Ltda.;Crizam Confecções Ltda.;1,17E+11;;; são paulo; sp;0; Ipiranga; (11)2914-2644
110;Juridica;5,33052E+12;1;Unit Comercial Ltda;Unit Comercial Ltda;1,16E+11;;; São Paulo; SP;4612001; Vila Congonhas; (11) 5536-9331
158;Juridica;5,41491E+12;1;Sales - Comercial Dist. de higienicos Lt;Sales - Comercial Dist. de higienicos Lt;1,17E+11;;; São Paulo; SP;8260090; Colonia; 6723-3816
61;Juridica;5,42621E+12;1;FAM-AT Com. de Prod. Hospitalares Ltda;FAM-AT Com. de Prod. Hospitalares Ltda;1,17E+11;;; São Paulo; SP;1380001; Vila Claudia; 2601-9379
217;Juridica;5,48814E+12;1;LN Comércio e Serviços Médicos Ltda. EPP;LN Comércio e Serviços Médicos Ltda. EPP;1,17E+11;;; São Paulo; SP;11075710; Praça da Árvore; (11)2276-9911
222;Juridica;5,58114E+12;1;Hexasystens Com. de Prod. p/ Lab. Ltda.;Hexasystens Com. de Prod. p/ Lab. Ltda.;1,17E+11;;; sao paulo; sp;4815300; Jd. Satélite; 5660-8171
230;Juridica;5,60169E+12;1;Rede Local Dist. de Prod. Comonicação Lt;Rede Local Dist. de Prod. Comonicação Lt;1,17E+11;;; São Paulo; SP;4559010; Brooklin; 5543-0709
41;Juridica;5,60353E+12;1;Maranata Com. Prod. Médicos Hospitalares;Maranata Com. Prod. Médicos Hospitalares;1,17E+11;;; São Paulo; SP;4830000; Jardim Jordanópolis Rio Bonito; (11) 5925-4024
319;Juridica;5,74602E+12;1;Quality Med Distrib. de Prod. hosp. Ltda;Quality Med Distrib. de Prod. hosp. Ltda;2,14E+11;;; Birigui; SP;16200001;; (11)3837-9517
120;Juridica;5,74945E+12;1;Comercial de Agua Oliveira Ltda.;Comercial de Agua Oliveira Ltda.;1,17E+11;;; Sao Paulo; SP;4812030; Jd. Ana Lucia; 5663-4585
132;Juridica;5,83112E+12;1;O.F.C. Automação Ltda.;O.F.C. Automação Ltda.;2,86E+11;;; diadema; SP;9694000; Vila Conceição; 4133-1111
257;Juridica;5,83526E+12;1;KNK Eletro Eletronica Ltda;KNK Eletro Eletronica Ltda;1,17E+11;;; São Paulo; SP;1207000; Santa Ifigênia; 3361-5434
46;Juridica;5,84763E+12;1;Dimaci/SP Material Cirúrgico Ltda;Dimaci/SP Material Cirúrgico Ltda;6,35E+11;;; São Bernardo do Campo; SP;9725443; Vila Euclides; (11) 4122-9800
459;Juridica;5,86554E+12;1;F.Da S. Casado - EPP;F.Da S. Casado - EPP;1,48E+11;;; São Paulo; SP;3006010; Bras; (11) 331171-88
162;Juridica;5,94014E+12;1;Sigma Comercio de Etiquetas Ltda.;Sigma Comercio de Etiquetas Ltda.;1,17E+11;;; São Paulo; SP;5423020; Jd. Paulistano; (11)3612-4255
136;Juridica;5,97083E+12;1;Ludesc Dist. de Luvas -EPP;Ludesc Dist. de Luvas -EPP;1,17E+11;;; São Paulo; SP;3322000; Vila Cardim; 8236-3879
352;Juridica;5,97693E+12;1;Hiseg Com e Ass  Tec de Inst de Med Ltda;Hiseg Com e Ass  Tec de Inst de Med Ltda;1,17E+11;;; São Paulo; SP;4144001; Vila da Saúde; (11) 5071-9811
154;Juridica;6,00972E+12;1;Autom Instrumentos e Sistemas;Autom Instrumentos e Sistemas;6,36E+11;;; São Caetano do Sul; sp;9551000; Barcelona; 4229-7900
376;Juridica;6,04445E+12;1;Fastbook Com de Informática Ltda;Fastbook Com de Informática Ltda;1,17E+11;;; São Paulo; SP;5005001; Perdizes; (11) 3826-7007
39;Juridica;6,0812E+12;1;Hosp-Log Com. de Prod. Hosp. Ltda;Hosp-Log Com. de Prod. Hosp. Ltda;7,45E+11;;; Distrito Federal; DF;71200030; Brasilia; (11)5053-5900
137;Juridica;6,12521E+12;1;Stardesc Comercio de  Desc. Ltda. - EPP;Stardesc Comercio de  Desc. Ltda. - EPP;1,17E+11;;; São Paulo; SP;3305000; Cidade Mãe Do Céu; 6675-1280
411;Juridica;6,13702E+12;1;Lavazza Sao Paulo Com Loc Maq. Cafe Ltda;Lavazza Sao Paulo Com Loc Maq. Cafe Ltda;1,17E+11;;; São Paulo; SP;4708010; Chacara Santo Antonio; (11) 3892-5997
246;Juridica;6,14695E+12;1;Luiz Carlos Barão Junior -ME;Luiz Carlos Barão Junior -ME;1,17E+11;;; São Paulo; SP;1310100; Bela Vista;
306;Juridica;6,1604E+12;1;Proincendio Com. Eq. Contra Ince. Ltda;Proincendio Com. Eq. Contra Ince. Ltda;1,17E+11;;; São Paulo; SP;2417190;; (11) 6996 6101
431;Juridica;6,16971E+12;1;Atrativa Industria Grafica Ltda;Atrativa Industria Grafica Ltda;isento;;; São Paulo; SP;2180060; Pque Novo Mundo; (11) 2632-6633
123;Juridica;6,17647E+12;1;G Brasil Com. de Sup. p/ Esc. Ltda.;G Brasil Com. de Sup. p/ Esc. Ltda.;1,17E+11;;; Sao Paulo; SP;3959000; Sao mateus; (11)2296-6133
395;Juridica;6,20829E+12;1;Cromoline Quimica Fina Ltda;Cromoline Quimica Fina Ltda;2,86E+11;;; Diadema; SP;9991000; Centro; (11)3382-9300
461;Juridica;6,22692E+12;1;Cil Distri de Alim Individuais Ltda;Cil Distri de Alim Individuais Ltda;1,42E+11;;; São Paulo; SP;4264000; Vila Monumento; (11) 5084-2522
266;Juridica;6,2348E+12;1;Expressa Distr de Medicamentos Ltda.;Expressa Distr de Medicamentos Ltda.;1,17E+11;;; São Paulo; SP;4301010; JD da Saúde; (11)3382-9000
356;Juridica;6,26452E+12;1;Maximed Com. de Prod. Cir. Hosp. Ltda;Maximed Com. de Prod. Cir. Hosp. Ltda;1,17E+11;;; São Paulo; SP;5110000; Pìrituba; 3902-3321
314;Juridica;6,27545E+12;1;Tubonew Prod. Lab. e Hosp. Ltda-EPP;Tubonew Prod. Lab. e Hosp. Ltda-EPP;2,86E+11;;; São Paulo; SP;9913000; Centro; (11) 2679-0449
91;Juridica;6,34819E+12;1;Color Print Digtal Ltda - Epp;Color Print Digtal Ltda - Epp;1,17E+11;;; São Paulo; SP;4335050; Jabaquara; (11)5588-3377
448;Juridica;7,04609E+12;1;Elyon Gráfica e Editora;Elyon Gráfica e Editora;1,48E+11;;; São Paulo; SP;5550060; Jardim Gilda Maria; (11) 3783-6527
242;Juridica;7,07932E+12;1;JCL Com. de Ferramentas e Instr. Ltda.;JCL Com. de Ferramentas e Instr. Ltda.;1,17E+11;;; São Paulo; SP;1207001; São PAulo; 3352-6700
340;Juridica;7,09384E+12;1;AZ Esportes Ltda Epp;AZ Esportes Ltda Epp;1,17E+11;;; São Paulo; sp;4547001; Vila Olimpia; (11)3571-1499
253;Juridica;7,15148E+12;1;Adarve Ind. Com e Prest  Serv.  Eq. Ltda;Adarve Ind. Com e Prest  Serv.  Eq. Ltda;1,17E+11;;; São Paulo; SP;5510030; Butantã; 3818-0893
250;Juridica;7,18061E+12;1;Alphaprod Com e Rep. de P. Far Hosp Ltda;Alphaprod Com e Rep. de P. Far Hosp Ltda;1,17E+11;;; São Paulo; SP;1028001; Ibirapuera;800170144
452;Juridica;7,19076E+12;1;Prontomed Com. Prod. Hospitalares Ltda;Prontomed Com. Prod. Hospitalares Ltda;1,17E+11;;; São Paulo; SP;3649000; Vila Esperança; (11) 2682-4746
424;Juridica;7,29613E+12;1;Phoelab  Distribuidora e Medicamentos Me;Phoelab  Distribuidora e Medicamentos Me;1,49E+11;;; São Paulo; SP;4782000; Jd Friburgo; (11)5524-2714
114;Juridica;7,36153E+12;1;Paulista Com. de Pap. e Livros Ltda.;Paulista Com. de Pap. e Livros Ltda.;1,17E+11;;; Sao Paulo; SP;1317002; Bela Vista; 3251-0661
320;Juridica;7,37753E+12;1;Ana Luiza de Almeida Mendoça-ME;Ana Luiza de Almeida Mendoça-ME;4,01E+11;;; Jau; SP;4810030; Chacara Braz Miraglia; 5666-6744
275;Juridica;7,39585E+12;1;Ativa Com de Cabos e Conexões Ltda-epp;Ativa Com de Cabos e Conexões Ltda-epp;1,17E+11;;; São Paulo; SP;1207000; Santa Ifigenia; 3337-8140
402;Juridica;7,4167E+12;1;General Diagnostico Com  e Art Med Ltda;General Diagnostico Com  e Art Med Ltda;2,78E+11;;; São Paulo; SP;6727195; Cotia; (11) 3714-0699
259;Juridica;7,42409E+12;1;Hospiline com.dist.prod.med.hosp. Ltda.;Hospiline com.dist.prod.med.hosp. Ltda.;6,36E+11;;; São Caetano do Sul; SP;9560050; Barcelona; (11)4226-0666
451;Juridica;7,42953E+12;1;Base MEd Cirurgica;Base MEd Cirurgica;1,49E+11;;; Sao Paulo; SP;4342010; Pq JAbaguara;
288;Juridica;7,44632E+12;1;ADM  Com de Mat Médico Hosp. Ltda-Me;ADM  Com de Mat Médico Hosp. Ltda-Me;1,17E+11;;; São Paulo; SP;4102000; Vila Mariana; (11)5575-7560
245;Juridica;7,54038E+12;1;Premier Móveis Hospitalares Ltda-EPP;Premier Móveis Hospitalares Ltda-EPP;2,45E+11;;; Campinas; SP;13040430; Vila Campos Sales; 3887-2977
249;Juridica;7,58605E+12;1;RB Code  Indus. Sup.  Equip. Autom.Ltda.;RB Code  Indus. Sup.  Equip. Autom.Ltda.;77982019;;; Rio Janeiro; RJ;27536000; Resende; 4193-6600
373;Juridica;7,67144E+12;1;Master Grande Confecções de Malotes Ltda;Master Grande Confecções de Malotes Ltda;1,17E+11;;; São Paulo; SP;3065010; Tatuapé; (11) 2227-1710
262;Juridica;7,73947E+12;1;Manhatan Comercio de Descartaveis Ltda.;Manhatan Comercio de Descartaveis Ltda.;3,37E+11;;; Guarulhos; sp;7222015; Cumbica; 2488-4066
305;Juridica;7,75899E+12;1;Cavicor Metalurgica;Cavicor Metalurgica;7,48E+11;;; São Paulo; SP;13187042; JD Boa vista; (19) 3845-0463
382;Juridica;8,03994E+12;1;Emporio da Limpeza e Inf 3 Irmao Ltda;Emporio da Limpeza e Inf 3 Irmao Ltda;6,27E+11;;; Santo Anrdre; SP;9190360; Santo Andre; (11) 2759-6667
308;Juridica;8,15902E+12;1;G.B Comércio e Dist. de Gelo Seco Ltda.;G.B Comércio e Dist. de Gelo Seco Ltda.;1,03E+11;;; São Paulo; SP;4310030; Jabaquara; (11) 5589-2625
363;Juridica;8,17571E+12;1;Gerar Brasil Com. de Mat. de Esc Ltda;Gerar Brasil Com. de Mat. de Esc Ltda;1,49E+11;;; São Paulo; SP;4365000; Cidade Ademar; (11) 2837-5969
444;Juridica;8,18959E+12;1;Sistema de Serv. RB Quality Com Emb LTDA;Sistema de Serv. RB Quality Com Emb LTDA;isento;;; Guarulhos; SP;7505312; Vila São Rafael; (11) 2043-5155
383;Juridica;8,33899E+12;1;Marco Jorge Aldeguere Me;Marco Jorge Aldeguere Me;1,49E+11;;; São Paulo; SP;3361000; V. Formosa; (11)2254-0603
316;Juridica;8,36818E+12;1;B e B Gráficos Ltda-Me;B e B Gráficos Ltda-Me;1,49E+11;;; São Paulo; SP;3274020; Sta Clara; (11)2273-9878
422;Juridica;8,39534E+12;1;Golden Farma Com de Prod. Hosp Ltda;Golden Farma Com de Prod. Hosp Ltda;1,49E+11;;; São Paulo; SP;4070000; Planalto Paulista; (11) 5564-4759
480;Juridica;8,39657E+12;1;DBR Com. Imp. Méd. Hosp. Ltda Epp;DBR Com. Imp. Méd. Hosp. Ltda Epp;6,36E+11;;; SB do Campos; SP;9541000; Rudge Ramos; 113907-1433
332;Juridica;8,67131E+12;1;SIMOSEG EQTOS PROT INDIVIDUAL LTDA;SIMOSEG EQTOS PROT INDIVIDUAL LTDA;1,50E+11;;; São Paulo; SP;3137050; Vl Prudente; (11) 6914-7898
329;Juridica;9,00035E+12;1;Luimed Comércio de Produtos Hosp. Ltda;Luimed Comércio de Produtos Hosp. Ltda;1,50E+11;;; São Paulo; SP;2805000;; (11)3976-1278
487;Juridica;9,05313E+12;1;Elfa Medicamentos Ltda;Elfa Medicamentos Ltda;isento;;; São Paulo; SP;4602001; Brooklin Paulista; 11 2388-6080
410;Juridica;9,14919E+12;1;OFFICE W COME IMPORTAÇÃO DE EQUIP LTDA;OFFICE W COME IMPORTAÇÃO DE EQUIP LTDA;Isento;;; São Paulo; SP;4085001; Moema; (11) 5586-3333
26;Juridica;9,245E+12;1;Indus. e Com. Prod. Cient. Perfecta Ltda;Indus. e Com. Prod. Cient. Perfecta Ltda;1,50E+11;;; São paulo; SP;3186020; Vila Bertioga; (11) 2965-6722
455;Juridica;9,46203E+12;1;Azefix com de Equipamentos Ltda-Me;Azefix com de Equipamentos Ltda-Me;1,48E+11;;; São Paulo; SP;8280580; JD N. S  DO CARMO; (11) 2749-7301
264;Juridica;9,48445E+12;1;SD Comer Imp e Exp de Mat Eletricos LTDA;SD Comer Imp e Exp de Mat Eletricos LTDA;1,48E+11;;; São Paulo; SP;1207001; Centro; (11) 3223-6000
409;Juridica;9,4904E+12;1;Nelson Luiz Morete Perreira - ME;Nelson Luiz Morete Perreira - ME;1,48E+11;;; Sao Paulo; SP;2253050; Vila Gustavo; 2987-8805
450;Juridica;9,53781E+12;1;L P Martins Fotocopias;L P Martins Fotocopias;Isento;;; São Paulo; SP;1401000; Jardim  Paulista; 11 3285-2315
375;Juridica;9,58866E+12;1;Solimp sistemas de Higiene Ltda;Solimp sistemas de Higiene Ltda;1,48E+11;;; São Paulo; SP;4206001; Ipiranga; (11) 5595-8888
472;Juridica;1,01414E+13;1;Terumo BCT Tecnologia Médica Ltda;Terumo BCT Tecnologia Médica Ltda;isento;;; São Paulo; SP;4552000; Vila Olimpia; 55 11 2899 2604
416;Juridica;1,01766E+13;1;OFCPartners Solucoes em Escritorios Ltd;OFCPartners Solucoes em Escritorios Ltd;1,48E+11;;; São Paulo; SP;4503011; Jardim Paulista; (11) 3035-2020
370;Juridica;1,02643E+13;1;Printcrom Gráfica e Editora Ltda;Printcrom Gráfica e Editora Ltda;1,48E+11;;; São Paulo; SP;1517000; Cambuci; (11) 3274-6060
481;Juridica;1,06303E+13;1;Oncorio Distribuidora de Medicamnto Ltda;Oncorio Distribuidora de Medicamnto Ltda;5,87E+11;;; São Paulo; SP;13504140; Vila Operaria; (19) 3522-7670
380;Juridica;1,06829E+13;1;Nova Med tech Ltda;Nova Med tech Ltda;1,49E+11;;; São Paulo; SP;40230062; Vila Mariana; (11)5572-6600
389;Juridica;1,06834E+13;1;Inovathion Com. De Prod. Hospitalares;Inovathion Com. De Prod. Hospitalares;1,49E+11;;; São Paulo; SP;8295410; Itaquera; (11) 4112-5888
430;Juridica;1,06912E+13;1;Star Medical do Brasil Com de Mat. Ltda;Star Medical do Brasil Com de Mat. Ltda;2,06E+11;;; Sao bernado; SP;6422120; Sao Bernado; (11)4436-3222
458;Juridica;1,07581E+13;1;Pigma Digital Serviços Gráficos Ltda;Pigma Digital Serviços Gráficos Ltda;1,49E+11;;; São Caetano do Sul; SP;9530001; Ceramica; (11) 4223-5911
50;Juridica;1,07736E+13;1;Fox Com. Artigos Descartáves Ltda;Fox Com. Artigos Descartáves Ltda;1,12E+11;;; São Paulo; SP;1402000; Jardim Paulista; 3253-0205
484;Juridica;1,08424E+13;1;Cirurgica KD Com de Mat Hosp Eireli;Cirurgica KD Com de Mat Hosp Eireli;isento;;; São Paulo; SP;88401000; São João; 11 2541-1095
405;Juridica;1,08867E+13;1;Comércio de Materiais Descar Lab. Ltda;Comércio de Materiais Descar Lab. Ltda;1,49E+11;;; São Paulo; SP;1401000; Sala; (11) 2864-7734
466;Juridica;1,10662E+13;1;Primeband Com  Imp de Art.  Eventos LTDA;Primeband Com  Imp de Art.  Eventos LTDA;1,49E+11;;; São Paulo; SP;4208001; Ipiranga; 11 3386-0039
476;Juridica;1,16976E+13;1;Agille Com de Medicamentos Ltda;Agille Com de Medicamentos Ltda;6,27E+11;;; Santo André; SP;9180000; Vila Alzira; (11) 2379-3950
415;Juridica;1,18755E+13;1;EDSPRESS INDÚSTRIA GRÁFICA LTDA.EPP.;EDSPRESS INDÚSTRIA GRÁFICA LTDA.EPP.;1,47E+11;;; São Paulo; SP;4298090; Vila Vermelha; (11) 2351-2428
442;Juridica;1,20776E+13;1;Megatom Grafica Digital Ltda-Me;Megatom Grafica Digital Ltda-Me;Isento;;; São Paulo; SP;2960000; Moinho Velho;-11
475;Juridica;1,24924E+13;1;Kseg Comercial Ltda;Kseg Comercial Ltda;1,47E+11;;; São Paulo; SP;2732040; Freguesia  do Ó; (11) 3858-1900
485;Juridica;1,28086E+13;1;SJF COMERCIO DE EMBALAGNES EM GERAL LTDA;SJF COMERCIO DE EMBALAGNES EM GERAL LTDA;1,44E+11;;; são Paulo; Sp;4823010; Jardim Amalia; 11-5669-777
447;Juridica;1,39864E+13;1;Plastken Ind. e Com de Plasticos;Plastken Ind. e Com de Plasticos;2,39E+11;;; Caieiras; SP;7700000; Portal das Laranjeiras; (11) 4441-3335
470;Juridica;1,40495E+13;1;Techlab Prod. para Labor E Hosp Ltda;Techlab Prod. para Labor E Hosp Ltda;Isento;;; São Paulo; SP;3067050; Tatuapé;
490;Juridica;1,43108E+13;1;Farma Vision Dist Med Ltda;Farma Vision Dist Med Ltda;Isento;;; São Paulo; SP;75516030; Setor Rodoviario; 11 4148-9319
69;Juridica;1,4373E+13;1;Bayer S.A.;Bayer S.A.;1,04E+11;;; São Paulo; SP;4779900;; (11) 5694-5620
489;Juridica;1,45046E+13;1;Bonfai Tech Com Imp e Serviços LTDA;Bonfai Tech Com Imp e Serviços LTDA;7,96E+11;;; Guarulhos; SP;7121320; JD Toscana;  11- 40636836
463;Juridica;1,48487E+13;1;Armazem e Corp Com de Bebidas Eireli Me;Armazem e Corp Com de Bebidas Eireli Me;7,20E+11;;; São Paulo; SP;6730000; Recanto; (11) 4148-6730
439;Juridica;1,5652E+13;1;Viver Saude Com  de Prod Hosp Ltda-ME;Viver Saude Com  de Prod Hosp Ltda-ME;1,45E+11;;; são paulo; SP;2801000; Freguesia do ó; (11) 2574-8367
473;Juridica;1,95114E+13;1;Aldcenter Com de Alimentos Eireli - Me;Aldcenter Com de Alimentos Eireli - Me;Isento;;; São Paulo; SP;3572080; Jardim Terezinha; (11) 2254-0603
464;Juridica;2,01498E+13;1;Inaplast Ind. Com. Plast. Eireli EPP;Inaplast Ind. Com. Plast. Eireli EPP;5,40E+11;;; Pirapora do Bom Jesus; SP;6550000; Jardim Bom Jesus; 11 4132-1138
128;Juridica;2,15619E+13;1;Laboratório Sanobiol Ltda;Laboratório Sanobiol Ltda;1,09E+11;;; São Paulo; SP;4761020; Campela do Socorro; (11)2326199
483;Juridica;2,22447E+13;1;VS Comércio e Produtos Hospitalares Ltda;VS Comércio e Produtos Hospitalares Ltda;1,44E+11;;; São Paulo; SP;2801000; Vila Brasilandia; (11) 2574-8367
493;Juridica;2,4147E+13;1;Econolab Cientifica Prod Labor Ltda;Econolab Cientifica Prod Labor Ltda;1,41E+11;;; São Paulo; SP;4112000; Vila Mariana; 11 3796-7008
406;Juridica;2,69219E+13;1;Hospfar Ind e Com de Pros Hosp Ltda;Hospfar Ind e Com de Pros Hosp Ltda;isento;;; Goiania; Go;74620385; Setor Morais;8.007.033.500
140;Juridica;2,95116E+13;1;Control Lab Cont. de Qualid. p/ Lab Ltda;Control Lab Cont. de Qualid. p/ Lab Ltda;Isento;;; Rio de Janeiro; RJ;20911440; Benfica; (21) 3891-9900
433;Juridica;2,99927E+13;1;Ecomed Comercio de Produtos Médicos Ltda;Ecomed Comercio de Produtos Médicos Ltda;isento;;; São Paulo; SP;20021040; Gloria; (11) 2558-1960
127;Juridica;3,00559E+13;1;M MAGOSTINI S/A;M MAGOSTINI S/A;82943749;;; Rio de Janeiro; RJ;20760065; Castilho; (21)3278-9724
22;Juridica;3,02804E+13;1;Roche Diagnóstica Brasil Ltda -51000334;Roche Diagnóstica Brasil Ltda -51000334;2,06E+11;;; São Paulo; SP;5321900;; (11)3719-9438
45;Juridica;3,06677E+13;1;Hartmann Ind. Com. Prod. Médico-Hospit.;Hartmann Ind. Com. Prod. Médico-Hospit.;82392696;;; Rio de Janeiro; RJ;24751000; São Gonçalo; (11)5581-3820
68;Juridica;3,30406E+13;1;BioMérieux Brasil S.A.;BioMérieux Brasil S.A.;83466472;;; Rio de Janeiro; RJ;22710261; Jacarepaguá; (11) 5681-2964
434;Juridica;3,58204E+13;1;White Martins Gases Industriais Ltda;White Martins Gases Industriais Ltda;4,92E+11;;; São Paulo; Sp;6090015; Jardim Granada; (11) 3685-7799
42;Juridica;3,88098E+13;1;Audifar Oncomed Com. Prod. Hosp. Onc LTD;Audifar Oncomed Com. Prod. Hosp. Onc LTD;1,13E+11;;; São Paulo; SP;3632040; Penha; (11)2147-4000
369;Juridica;3,88098E+13;1;Oncomed Farmaceutica Ltda;Oncomed Farmaceutica Ltda;7,45E+11;;; Brasilia; DF;72549550; Polo de Distribuição; (61) 2107-3500
172;Juridica;3,89555E+13;1;Micro Óptica Comercial Ltda;Micro Óptica Comercial Ltda;Isenta;;; São Paulo; SP;4829300; Jd. das Imbuias; (11) 5971-8811
14;Juridica;4,01757E+13;1;Cei Com. Exp. e Imp. de Mat. Med. Ltda;Cei Com. Exp. e Imp. de Mat. Med. Ltda;84248304;;; Rio de Janeiro; RJ;22611200; Barra da Tijuca; (21) 24939450
478;Juridica;4,21608E+13;1;Beckman Coulter do Brasil Com Imp Pr Ltd;Beckman Coulter do Brasil Com Imp Pr Ltd;255970595;;; Palhoça; SC;88130000; Pacheco; (48)3286-5565
357;Juridica;4,30871E+13;1;Ind. de Manu de Acrílico Plasxiglas Ltda;Ind. de Manu de Acrílico Plasxiglas Ltda;1,09E+11;;; São Paulo; SP;1323000; Liberdade; (11)3262-1919
345;Juridica;4,32144E+13;1;Inalox Equip. Medicinais Ltda;Inalox Equip. Medicinais Ltda;1,09E+11;;; São Paulo; SP;3162010; Mooca; (11) 6694-7555
84;Juridica;4,32838E+13;1;Kalunga Com e ind. Gráfica Ltda;Kalunga Com e ind. Gráfica Ltda;6,35E+11;;; São Bernado do Campo; SP;9720470; JD Sta Rita de Cássia;800195566
371;Juridica;4,32958E+13;1;Interlab  Farmaceutica Ltda;Interlab  Farmaceutica Ltda;1,09E+11;;; SÃO PAULO; SP;2333001; ÁGUA FRIA; (11) 2204-9177
401;Juridica;4,3447E+13;1;Sony Brasil LTDA;Sony Brasil LTDA;1,49E+11;;; São Paulo; SP;5005000; Pompéia; (11) 3675-5123
94;Juridica;4,35086E+13;1;Cirúrgica São Paulo Ltda;Cirúrgica São Paulo Ltda;1,09E+11;;; São Paulo; SP;4038031; Clemetino; (11)  5904-1700
95;Juridica;4,36355E+13;1;Torres Ind. Com. de Etiquetas e A. Ltda.;Torres Ind. Com. de Etiquetas e A. Ltda.;3,73E+11;;; Itapevi; SP;6695490; Ambuita; (11)3346-6900
456;Juridica;4,36587E+13;1;De- Paulo com de Prod. Lab. Ldta.;De- Paulo com de Prod. Lab. Ldta.;1,10E+11;;; São Paulo; SP;2152040; Jardim Guança; (11) 22014029
322;Juridica;4,37084E+13;1;Fast Shop Comercial Ltda;Fast Shop Comercial Ltda;1,16E+11;;; São Paulo; SP;2029001; Carandiru; (11) 3232-3200
445;Juridica;4,37329E+13;1;Casa Giacomo Ferragens LTDA;Casa Giacomo Ferragens LTDA;1,50E+11;;; São Paulo; SP;5427020; Pinheiros; (11) 3594-8500
193;Juridica;4,38548E+13;1;Prot-Cap Artigos p/ proteção Ind. Ltda;Prot-Cap Artigos p/ proteção Ind. Ltda;1,09E+11;;; São Paulo; SP;3080000; Tatuapé; (11)2090-3300
47;Juridica;4,38946E+13;1;Politec Imp. e Com. Ltda;Politec Imp. e Com. Ltda;2,06E+11;;; Barueri; SP;6455000; Alphaville; (11) 4195-6001
425;Juridica;4,40188E+13;1;Comercial e Imp Eletrica Paulista Ltda;Comercial e Imp Eletrica Paulista Ltda;1,09E+11;;; São Paulista; SP;1207010; Centro; (11) 3224-0300
343;Juridica;4,41458E+13;1;Papeis Melhoramentos Ltda;Papeis Melhoramentos Ltda;4,54E+11;;; Jundiapeaba; SP;8750560; Mogi das Cruzes;800552875
202;Juridica;4,43861E+13;1;Rebal Comercial Ltda;Rebal Comercial Ltda;6,36E+11;;; São Paulo; SP;9530210; Cerâmica; (11)4227-6700
17;Juridica;4,49321E+13;1;Comavi Com. Maq.  e Visuais Ltda;Comavi Com. Maq.  e Visuais Ltda;1,10E+11;;; São Paulo; SP;2042011; Santana; (11)2979-4033
407;Juridica;4,54532E+13;1;Profarma Dist de Produtos Farm S/A;Profarma Dist de Produtos Farm S/A;Isento;;; São Jose do Meriti; RJ;4010000; Venda Velha;8007225060
163;Juridica;4,55439E+13;1;Carrefour Comércio e Indústria Ltda;Carrefour Comércio e Indústria Ltda;1,15E+11;;; São Paulo; SP;2701000;;
71;Juridica;4,55972E+13;1;Probac do Brasil Prod Bacteriológico Ltd;Probac do Brasil Prod Bacteriológico Ltd;1,10E+11;;; São Paulo; SP;1224001; Santa Cecília; (11) 3222-4777
368;Juridica;4,57958E+13;1;PSI Tecnologia LTDA;PSI Tecnologia LTDA;isento;;; São Paulo; SP;4602000; Brooklin; (11) 5538-4888
38;Juridica;4,58762E+13;1;Provimaq Com. Suprim. Máq. Serv.;Provimaq Com. Suprim. Máq. Serv.;isento;;; São Paulo; SP;5625000; Vila Sônia; (11) 3501-5151
146;Juridica;4,68493E+13;1;INTERLAB Dist de Prod. Científicos S.A;INTERLAB Dist de Prod. Científicos S.A;1,09E+11;;; São Paulo; SP;4330130; V. Campestre; (11)5564-9569
79;Juridica;4,69746E+13;1;Acecil Central de Est. Com. e Ind. Ltda;Acecil Central de Est. Com. e Ind. Ltda;2,44E+11;;; Campinas; SP;13080150; Jd Sta Genebra;
239;Juridica;4,72036E+13;1;SS Super Lanche;SS Super Lanche;1,10E+11;;; São Paulo; sp;1325001; Bela Vista; (11)3284-5398
23;Juridica;4,73347E+13;1;REM Indústria e Comércio LTDA;REM Indústria e Comércio LTDA;1,15E+11;;; São Paulo; SP;5304010; Vila leopoldina; (11)3377-9922
346;Juridica;4,74178E+13;1;Papelaria Tatiana Mat. P/ Esc. Com Ltda;Papelaria Tatiana Mat. P/ Esc. Com Ltda;1,10E+11;;; São Paulo; SP;1311300; Cerqueira Cesar; (11) 3288-5994
101;Juridica;4,75084E+13;1;Companhia Brasileira de Distribuição;Companhia Brasileira de Distribuição;1,06E+11;;; São Paulo; SP;1401000; C. Cesar; 3177-5400
453;Juridica;4,75084E+13;1;Cia Brasileira de Distribuição;Cia Brasileira de Distribuição;1,17E+11;;; São Paulo; SP;1401000; Jd Paulista; (11) 3886-3987
300;Juridica;4,76299E+13;1;Gráfica Luzane;Gráfica Luzane;1,11E+11;;; São Paulo; SP;3168010; Mooca; (11) 2694-6211
304;Juridica;4,76744E+13;1;Eletrica Comercial Andra Ltda;Eletrica Comercial Andra Ltda;1,10E+11;;; São Paulo; SP;12070001; Santa Efigenia; (11)3352-7000
107;Juridica;4,76898E+13;1;Tyrex Mercantil e Industria Ltda;Tyrex Mercantil e Industria Ltda;Isento;;; São Paulo; SP;1140030; Barra Funda; (11)3612-4255
160;Juridica;4,78657E+13;1;Equipa  - Máq. e Uten.  p/ Esc. LTDA.;Equipa  - Máq. e Uten.  p/ Esc. LTDA.;1,10E+11;;; São Paulo; SP;1503001; Liberdade; (11)3388-7566
82;Juridica;4,78691E+13;1;Dipromed Com. e Imp Ltda;Dipromed Com. e Imp Ltda;4,92E+11;;; São Paulo; SP;6278010; Jardim Santa Fé; (11)6331-6531
244;Juridica;4,80762E+13;1;Armarinhos  Fernando Ltda;Armarinhos  Fernando Ltda;1,10E+11;;; São Paulo; sp;1021200; Centro;
236;Juridica;4,81027E+13;1;Copy Service Indústria Gráfica Ltda;Copy Service Indústria Gráfica Ltda;1,11E+11;;; São Paulo; SP;4285000; Moinho Velho; 6215-5800
255;Juridica;4,81241E+13;1;Papelaria e Livraria São Joaquim Ltda.;Papelaria e Livraria São Joaquim Ltda.;1,10E+11;;; São Paulo; SP;1503000; Sé; (11)3107-2561
221;Juridica;4,87408E+13;1;Cral Artigos p/ Laboratórios Ltda.;Cral Artigos p/ Laboratórios Ltda.;2,78E+11;;; Cotia; SP;6715862; Pq Industrial San José; (11)2712-7000
60;Juridica;4,87426E+13;1;Tok de Ouro Mat. de Escritório Ltda;Tok de Ouro Mat. de Escritório Ltda;1,10E+11;;; São Paulo; SP;1201030; Centro; 3666-0218
261;Juridica;4,8782E+13;1;Foto e Otica Utiaque Ltda.;Foto e Otica Utiaque Ltda.;1,10E+11;;; São Paulo; sp;1401000; jd. Paulista; 3284-2251
59;Juridica;4,87904E+13;1;P. Castro Prod. Médico Hospitalares Ltda;P. Castro Prod. Médico Hospitalares Ltda;1,10E+11;;; São Paulo; SP;4301000; Saúde; 5583-7525
33;Juridica;4,87917E+13;1;CBS Médico Cient. Com. e Representação;CBS Médico Cient. Com. e Representação;1,10E+11;;; São Paulo; SP;3101010; Moóca; (11) 3347-2700
20;Juridica;4,96011E+13;1;Fresenius HemoCare Brasil Ltda;Fresenius HemoCare Brasil Ltda;3,70E+11;;; S. Paulo; SP;6856760; Itapecerica da Serra; (11)2504-1495
153;Juridica;4,97322E+13;1;Estok Comercio e Representações Ltda.;Estok Comercio e Representações Ltda.;1,11E+11;;; São Paulo; SP;5423080; Pinheiros; (11)3813-2800
2;Juridica;5,02488E+13;1;Alere S/A;Alere S/A;1,81E+13;;; Recife; PE;51150430; Imbiribeira; (11)2131-5162
90;Juridica;5,02545E+13;1;Comercial Pinheiros Ltda;Comercial Pinheiros Ltda;1,10E+11;;; São Paulo; SP;1521010; Combuci; 3835-9868
16;Juridica;5,03116E+13;1;Santa Rita Dist. Prod. Farm. Ltda;Santa Rita Dist. Prod. Farm. Ltda;1,11E+11;;; São Paulo; SP;3405000; Tatuapé; (11)2942-1700
384;Juridica;5,03116E+13;1;Santa Rita Comercial Ltda;Santa Rita Comercial Ltda;Isento;;; Itumbiara; GO;75510260; Bela Vista; (11) 2942-1913
243;Juridica;5,05656E+13;1;FRIGO MÁQUINAS E REFRIGERAÇÃO lTDA;FRIGO MÁQUINAS E REFRIGERAÇÃO lTDA;1,11E+11;;; São Paulo; SP;1027001; Luz; (11)3311-9058
273;Juridica;5,05968E+13;1;Rio Branco Com. Ind. Papeis Ltda.;Rio Branco Com. Ind. Papeis Ltda.;1,10E+11;;; São Paulo; SP;3109001; VL. Prudente; 2915-5820
391;Juridica;5,06142E+13;1;Margraf Editora e Ind. Grafica LTDA;Margraf Editora e Ind. Grafica LTDA;2,06E+11;;; Brasil; SP;6460932; Barueri; (11) 4689-7100
328;Juridica;5,09876E+13;1;Equatorial Máqs e Móveis p/  Esc. Ltda;Equatorial Máqs e Móveis p/  Esc. Ltda;1,11E+11;;; São Paulo; SP;1104000; Luz; (11) 3228-3299
386;Juridica;5,10326E+13;1;Plati Ind e Com de Prod de Limpeza LTDA;Plati Ind e Com de Prod de Limpeza LTDA;1,11E+11;;; São Paulo; SP;5065110;; (11) 3613-8888
105;Juridica;5,10371E+13;1;Medsá Hospitalar Ltda;Medsá Hospitalar Ltda;1,11E+11;;; São Paulo; SP;5025010; Vila Pompéia; 3872-0066
417;Juridica;5,11654E+13;1;Rimed Com e Representacao Ltda;Rimed Com e Representacao Ltda;1,10E+11;;; Sao Paulo; SP;5018001; Perdizes; (11) 3874-0100
80;Juridica;5,11654E+13;1;Rimed Com. e Repres Ltda.;Rimed Com. e Repres Ltda.;1,16E+11;;; São Paulo; SP;1401000; JD Graça; 0800-144610
290;Juridica;5,15436E+13;1;Ercoli Distr de util Dom. e Brin. Ltda.;Ercoli Distr de util Dom. e Brin. Ltda.;1,10E+11;;; São Paulo; SP;3665000; Vila Ré; (11) 2681-4010
215;Juridica;5,17017E+13;1;Formec;Formec;1,12E+11;;; São Paulo; SP;14020000; JD Paulista,; 3287-7466
265;Juridica;5,17332E+13;1;Importadora Libermed Cirurgica Ltda.;Importadora Libermed Cirurgica Ltda.;1,10E+11;;; sao paulo; sp;4304110; Vila Monte Alegre; 5079-8311
75;Juridica;5,24275E+13;1;Gambro do Brasil Ltda;Gambro do Brasil Ltda;1,15E+11;;; São Paulo; SP;4571010; Cidade Monções; (11) 5506-9012
63;Juridica;5,25413E+13;1;NL Comércio Exterior Ltda;NL Comércio Exterior Ltda;1,11E+11;;; São Paulo; SP;4134020; Vila Gumercindo; (11) 5061-4411
427;Juridica;5,26894E+13;1;FTW  Fotolito e Editora Ltda;FTW  Fotolito e Editora Ltda;Isento;;; São Paulo; SP;4134040; Vila Gumercindo; (11)  5061-5006
150;Juridica;5,31238E+13;1;Caajara Com.Ind.Exp.e Repres. Ltda.;Caajara Com.Ind.Exp.e Repres. Ltda.;2,78E+11;;; Cotia; SP;6708230; São George; 4612-2221
226;Juridica;5,31822E+13;1;Dematec Com e Manut de Apare Méd Ltda.;Dematec Com e Manut de Apare Méd Ltda.;1,11E+11;;; São Paulo; SP;4288080; V Basilio Machado; (11)5062-5194
318;Juridica;5,32654E+13;1;APF INFORMATICA  LTDA;APF INFORMATICA  LTDA;1,11E+11;;; São Paulo; SP;1523030; Combuci; (11) 3346-3500
362;Juridica;5,35583E+13;1;Anis Razuk Ind e Com LTDA;Anis Razuk Ind e Com LTDA;1,49E+11;;; São Paulo; SP;3041000; Brás;8007019356
88;Juridica;5,35603E+13;1;Distribuidora de Suprimentos Ind. Ltda;Distribuidora de Suprimentos Ind. Ltda;6,35E+11;;; São Bernado do Canpo; SP;9892260; Vila Jordanópolis; 4178-0464
469;Juridica;5,3602E+13;1;Better Prod. Adesivos Ltda;Better Prod. Adesivos Ltda;2,41E+11;;; São Paulo; SP;7786515; Jordanesia; (11) 4898-7800
342;Juridica;5,36177E+13;1;Reis Office Produsts Coml Ltda;Reis Office Produsts Coml Ltda;3,37E+11;;; São Paulo; SP;7022090; Guaraulhos; (11) 2442-2600
254;Juridica;5,36667E+13;1;ASCAEL COMERCIAL LTDA;ASCAEL COMERCIAL LTDA;6,35E+11;;; São Paulo; SP;9667000; Taboão; 4176-7600
348;Juridica;5,37002E+13;1;Espacial Supri. Escri. Inform. Ltda.;Espacial Supri. Escri. Inform. Ltda.;1,11E+11;;; São Paulo; sp;3126007;; (11)2602-6217
85;Juridica;5,37979E+13;1;Recom Ind. e Com. Ltda;Recom Ind. e Com. Ltda;Isento;;; São Paulo; SP;3612000; Penha; 294-2907
462;Juridica;5,40363E+13;1;Awal Com e Representações LTDA;Awal Com e Representações LTDA;1,11E+11;;; São Paulo; SP;2055070; Vila Guilherme,; (11) 29090704
293;Juridica;5,4179E+13;1;Hospimetal Ind Metat. Equip. Hosp Ltda;Hospimetal Ind Metat. Equip. Hosp Ltda;1,77E+11;;; Araçatuba; SP;16078030; Centro; (18)2102-0625
76;Juridica;5,44007E+13;1;JC Line Comércio e Representações Ltda;JC Line Comércio e Representações Ltda;1,15E+11;;; São Paulo; SP;4077020; Indanópolis; (11)5051-2859
109;Juridica;5,44273E+13;1;Sagra Produtos  Farmacêuticos Ltda.;Sagra Produtos  Farmacêuticos Ltda.;1,16E+11;;; São Paulo; SP;1140120; Varzea da Barra Funda; 2107-4433
477;Juridica;5,44468E+13;1;Spectrun Bio Eng Médica Hospitalar Ltda;Spectrun Bio Eng Médica Hospitalar Ltda;1,11E+11;;; são Paulo; SP;4077023; Moema; (11) 5051-1450
267;Juridica;5,45167E+13;1;Johnson & Johnson Br Ind, Com Pr Saú Lt;Johnson & Johnson Br Ind, Com Pr Saú Lt;1,11E+11;;; São Paulo; SP;5501900; Butanta; (11)3030-1100
187;Juridica;5,46517E+13;1;Gimba Supri Esc. e informatica Ltda;Gimba Supri Esc. e informatica Ltda;2,06E+11;;; São Paulo; SP;6422120; JD Belval; 2763-5000
364;Juridica;5,48353E+13;1;Labor Quimi Ind. e Imp Prod.  Lab Ltda;Labor Quimi Ind. e Imp Prod.  Lab Ltda;5,46E+11;;; Poá; SP;8558410; V. Varela; (11) 3311-0203
281;Juridica;5,52975E+13;1;Iotec Inf. Comércio e Serviços Ltda;Iotec Inf. Comércio e Serviços Ltda;1,11E+11;;; São Paulo; sp;4840033; Vila Mariana; (11) 5087-6777
64;Juridica;5,56452E+13;1;Biológica Comercial Ltda;Biológica Comercial Ltda;1,11E+11;;; São Paulo; SP;4810030; Vila Santa Maria; (11) 5660-5660
195;Juridica;5,58831E+13;1;Etil Com. Material Elétrico Ltda;Etil Com. Material Elétrico Ltda;1,17E+11;;; São Paulo; SP;1144000; Barra funda; 3616-6666
282;Juridica;5,59721E+13;1;JP Indústria Farmacêutica S.A;JP Indústria Farmacêutica S.A;5,82E+11;;; São Paulo; SP;14095000; Lagoinha; (16) 3512-3500
24;Juridica;5,60367E+13;1;Centerlab - Central de Laboratórios Ltda;Centerlab - Central de Laboratórios Ltda;1,12E+11;;; São Paulo; SP;4342010; Pq. Jabaquara; (11) 5585-5669
366;Juridica;5,61319E+13;1;Ronaldo T. P. Flores - Me;Ronaldo T. P. Flores - Me;1,12E+11;;; São Paulo; SP;5020000; Perdizes; (11) 3872-2774
37;Juridica;5,6216E+13;1;Inforshop Suprimentos Ltda;Inforshop Suprimentos Ltda;1,13E+11;;; São Paulo; SP;4650141; Jardim Alvorada; (11) 5682-2525
87;Juridica;5,69202E+13;1;Gráfica Graffis Ltda - ME;Gráfica Graffis Ltda - ME;1,12E+11;;; São Paulo; SP;1321010; Liberdade; (11)- 3554-0571
351;Juridica;5,69929E+13;1;Giroflex S.A;Giroflex S.A;6,75E+11;;; T. Serra; SP;6768200; Taboão da Serra; (11) 4788-8000
18;Juridica;5,69987E+13;1;Abbott Laboratórios do Brasil Ltda;Abbott Laboratórios do Brasil Ltda;1,16E+11;;; São Paulo; SP;4566905; Brooklin; (11)5511-5536
252;Juridica;5,70817E+13;1;Indústria e Comércio de Bobinas WJ LTDA;Indústria e Comércio de Bobinas WJ LTDA;1,12E+11;;; S. Paulo; SP;3805080; Parque Boturussu; (11)2280-6446
277;Juridica;5,72892E+13;1;Capricho Molduras Com. de Quadros Mold.;Capricho Molduras Com. de Quadros Mold.;1,12E+11;;; São Paulo; SP;1228200; Cerqueira Cesar; (11)3159-3159
232;Juridica;5,73592E+13;1;Silsul Comércio e Representações Ltda.;Silsul Comércio e Representações Ltda.;1,12E+11;;; São Paulo; SP;0; Belenzinho; 6618-1711
124;Juridica;5,73855E+13;1;Barulimp Comercial Ltda;Barulimp Comercial Ltda;2,06E+11;;; São Paulo; SP;6419120; Chácara Marco; 3654-3300
112;Juridica;5,75701E+13;1;Rinaldi Com. e Rep. de Pro Med. H. LTDA.;Rinaldi Com. e Rep. de Pro Med. H. LTDA.;1,12E+11;;; São Paulo; SP;5089001; Vila Leopoldina; 3833-9898
177;Juridica;5,79348E+13;1;Haloquimica Industria e Comercio Ltda.;Haloquimica Industria e Comercio Ltda.;1,12E+11;;; São Paulo; sp;3316110; Tatuape; (11)2294-9679
467;Juridica;5,82071E+13;1;OJT. Com de Art. de Pap. E Inf. Ltda;OJT. Com de Art. de Pap. E Inf. Ltda;3,53E+11;;; Indaiatuba; SP;1339250; PQ Boa Esperança; (19) 3894-6587
194;Juridica;5,85179E+13;1; Nylon Cem Com de Mat. e Prod. Serigráfi1234; Nylon Cem Com de Mat. e Prod. Serigráfi1234;Isento;;; Sandré; SP;91907000; Vila  Humaita; 4458-3533
350;Juridica;5,85984E+13;1;Konimagem  Comercial Ltda;Konimagem  Comercial Ltda;1,12E+11;;; São Paulo; SP;2408050;; (11) 2950-1971
164;Juridica;5,87521E+13;1;Ciencor Scientific Ltda.;Ciencor Scientific Ltda.;1,12E+11;;; Sao Paulo; SP;5025010; Pompeia; (11)3673-7809
205;Juridica;5,98711E+13;1;Marcongel Com  de Peças e Pro. Ltda;Marcongel Com  de Peças e Pro. Ltda;1,12E+11;;; São Paulo; SP;1215001; Santa  Cecília; 3361-8320
229;Juridica;5,98918E+13;1;Paris Cabo;Paris Cabo;1,12E+11;;; São Paulo; SP;5038190; Lapa de baixo; (11)2172-1877
335;Juridica;5,99201E+13;1;PH7 Com. Repres. de Produ P/ Diag Ltda.;PH7 Com. Repres. de Produ P/ Diag Ltda.;6,35E+11;;; S.B Campo; SP;9715130; Centro; (11) 4338-8666
201;Juridica;6,03407E+13;1;Restore Com. e Serv. de Inf. Ltda.;Restore Com. e Serv. de Inf. Ltda.;1,12E+11;;; São Paulo; SP;4634042; Jardim Brasil; 5031-2717
178;Juridica;6,03416E+13;1;Bioservice Produtos hospitalares Ltda.;Bioservice Produtos hospitalares Ltda.;1,12E+11;;; São Paulo; sp;3182020; Mooca; 6601-5333
270;Juridica;6,03833E+13;1;Embramed  ind. e Com de Prod Hosp. Ltda;Embramed  ind. e Com de Prod Hosp. Ltda;1,12E+11;;; São Paulo; SP;4690090; Jurubatuba; (11)2105-1573
188;Juridica;6,04317E+13;1;Marte Balanças e Ap. de Prec. Ltda.;Marte Balanças e Ap. de Prec. Ltda.;1,03E+11;;; São Paulo; SP;4301000; Saude; (11)3411-4500
269;Juridica;6,0452E+13;1;Antonio Ferreira S/A;Antonio Ferreira S/A;1,00E+11;;; São Paulo; SP;1030000; Centro; (11) 3326-3099
287;Juridica;6,05676E+13;1;Impakto Prod de Hig e Limp Ltda.;Impakto Prod de Hig e Limp Ltda.;1,12E+11;;; Cotia; Sp;6714300;; 4615-5000
92;Juridica;6,07743E+13;1;Editora e Gráfica Alpes Ltda;Editora e Gráfica Alpes Ltda;1,05E+11;;; São Paulo; SP;7708040; Chácara Sto Antonio; (11)5181-1463
295;Juridica;6,07825E+13;1;Imp. e Comércio Visitex Ltda;Imp. e Comércio Visitex Ltda;1,17E+11;;; São Paulo; SP;1421001; Jardins;
189;Juridica;6,08127E+13;1;Casa Americana de Artigos p/ Lab. Ltda.;Casa Americana de Artigos p/ Lab. Ltda.;1,05E+11;;; São Paulo; sp;1224001; Santa Cecilia; (11)3334-2650
197;Juridica;6,08783E+13;1;O Vale Amazonico Art. Borracha Ltda;O Vale Amazonico Art. Borracha Ltda;1,05E+11;;; São Paulo; SP;1519000; Cambuci; 3209-9433
104;Juridica;6,08908E+13;1;Helios Carbex Ind. e Com M. Esc. Ltda;Helios Carbex Ind. e Com M. Esc. Ltda;2,06E+11;;; Barueri; SP;6420130; Itaquiti;
204;Juridica;6,10071E+13;1;Ferpower Comércio  de ferramentas Ltda;Ferpower Comércio  de ferramentas Ltda;1,12E+11;;; São Paulo; SP;4209001; Ipiranga; 6914-1019
313;Juridica;6,11002E+13;1;Fanem Ltda;Fanem Ltda;3,37E+11;;; Guarulhos; SP;7222050; Cumbica; (11) 6412-3723
260;Juridica;6,11359E+13;1;Koraicho Mercantil Ltda.;Koraicho Mercantil Ltda.;1,03E+11;;; São Paulo; sp;1023001; Centro; (11)3322-6049
279;Juridica;6,11412E+13;1;Copiadora Gráfica Ipiranga Ltda;Copiadora Gráfica Ipiranga Ltda;Isento;;; São Paulo; SP;4112002; Cambuci; (11)5572-4333
344;Juridica;6,11598E+13;1;Duraveis Equipamentos p/ Segurança LTDA;Duraveis Equipamentos p/ Segurança LTDA;1,03E+11;;; São Paulo; SP;4247000; Sacoma;
19;Juridica;6,11869E+13;1;Spal Ind. Brasileira de Bebidas S.A;Spal Ind. Brasileira de Bebidas S.A;1,06E+11;;; São Paulo; SP;4571010; Jurubatuba; (11)3602-7740
436;Juridica;6,12169E+13;1;Moveis Ricco Ltda;Moveis Ricco Ltda;1,01E+11;;; São Paulo; SP;3024000; Belenzinho; (11) 3031-6100
167;Juridica;6,12518E+13;1;Emifran Ind. Artef. Plast.  Metal. Ltda.;Emifran Ind. Artef. Plast.  Metal. Ltda.;1,05E+11;;; São Paulo; SP;4296000; VL. Vera; (11)2969-7255
297;Juridica;6,12534E+13;1;Pacri Indútria e Comércio Ltda;Pacri Indútria e Comércio Ltda;1,04E+11;;; São Paulo; SP;3210001; Vila Alpina; (11)2301-2333
482;Juridica;6,12866E+13;1;Sandoz do Brasil Industria Famaceu Ltda.;Sandoz do Brasil Industria Famaceu Ltda.;ISENTO;;; Cambé; PR;86185520; Ribeira Jacutinga; (11) 991161667
225;Juridica;6,13287E+13;1;Physiomed Imp. e Com Ltda;Physiomed Imp. e Com Ltda;1,12E+11;;; São Paulo; SP;4063004; Planalto Paulista; (11)2275-7111
66;Juridica;6,13696E+13;1;Ciência & Saúde Artigos para Laboratório;Ciência & Saúde Artigos para Laboratório;1,04E+11;;; São Paulo; SP;4206001; Ipiranga; (11) 2215-0588
175;Juridica;6,14121E+13;1;Drogaria São Paulo;Drogaria São Paulo;1,13E+11;;; São Paulo; SP;1401000; Bela Vista;
83;Juridica;6,1418E+13;1;Cirurgica Fernandes Ltda.;Cirurgica Fernandes Ltda.;1,02E+11;;; São Paulo; SP;5558130; Rodovia Tavares km 17;
219;Juridica;6,14273E+13;1;Marfinite Prod. Sintéticos Ltda;Marfinite Prod. Sintéticos Ltda;1,05E+11;;; São Paulo; sp;4204901; Ipiranga; (11) 2615-2711
96;Juridica;6,14502E+13;1;Planalto-Ind. de Art. de Papel Ltda.;Planalto-Ind. de Art. de Papel Ltda.;1,05E+11;;; São Paulo; SP;4345001; Jabaquara; (11)5011-3222
218;Juridica;6,14513E+13;1;Casa da Química Ind. e Com. Ltda.;Casa da Química Ind. e Com. Ltda.;2,86E+11;;; São Paulo; SP;9981030; Diadema; (11)4043-2855
207;Juridica;6,14579E+13;1;Gomaq Máquinas para Escritório Ltda;Gomaq Máquinas para Escritório Ltda;1,06E+11;;; São Paulo; SP;4553001; Brooklin; (11)2162-1000
70;Juridica;6,14859E+13;1;SG TECNOLOGIA CLÍNICA LTDA;SG TECNOLOGIA CLÍNICA LTDA;2,45E+11;;; Campinas; SP;13085101; Real Parque; (11) 3257-6811
284;Juridica;6,15066E+13;1;Edmond Habib Ghattas Ltda.;Edmond Habib Ghattas Ltda.;1,03E+11;;; São Paulo; sp;1025000; Centro; 3228-0500
131;Juridica;6,15493E+13;1;Drogaria Onofre Ltda;Drogaria Onofre Ltda;1,15E+11;;; São Paulo; SP;1401000; Jd Paulista; (11)32539506
118;Juridica;6,15779E+13;1;Casa Moser Materiais p/ Lab. Ltda.;Casa Moser Materiais p/ Lab. Ltda.;1,05E+11;;; Sao Paulo; SP;1316100; Bela Vista; (11)3107-2501
203;Juridica;6,15957E+13;1;Investmar de Intercambio com Ltda.;Investmar de Intercambio com Ltda.;1,05E+11;;; São Paulo; SP;5047000; Lapa; 3672-5700
393;Juridica;6,16083E+13;1;VSP Papéis Especiais;VSP Papéis Especiais;1,13E+11;;; S. Paulo; SP;1139010; Barra Funda; (11) 2014222
119;Juridica;6,16652E+13;1;Aeroglass Brasileira S/A.;Aeroglass Brasileira S/A.;2,78E+11;;; Cotia; SP;6715780; Rio Cotia; (11)4616-0866
492;Juridica;6,16924E+13;1;Dental Pasane;Dental Pasane;isento;;; Olimpia; SP;15400000; JD Santa Efigência; (17) 3279-3900
147;Juridica;6,16986E+13;1;Drogaria Soares Ltda.;Drogaria Soares Ltda.;1,05E+11;;; São Paulo; SP;4036000; Vl. Mariana; (11)5574-6955
258;Juridica;6,20044E+13;1;Moore Brasil Ltda;Moore Brasil Ltda;5,96E+12;;; Santa Rita do Sapucaí; MG;37540000; Distrito Industrial; 2105-0300
65;Juridica;6,20607E+13;1;Tec Import  Export. Import. e Com. Ltda;Tec Import  Export. Import. e Com. Ltda;6,75E+11;;; São Paulo; SP;6793290; Taboão da Serra; (11)4701-6139
324;Juridica;6,25126E+13;1;Studio 8 Indstrial  de Equipamentos Ltda;Studio 8 Indstrial  de Equipamentos Ltda;1,13E+11;;; São Paulo; SP;2975060; Vl  Zatt; (11)3971-3743
437;Juridica;6,2647E+13;1;Supermercado Yaya Ltda;Supermercado Yaya Ltda;1,08E+11;;; São Paulo; SP;1444000; Paraiso;
238;Juridica;6,26841E+13;1;"Classe ""A"" Sandubas Lanches Ltda.";"Classe ""A"" Sandubas Lanches Ltda.";1,13E+11;;; São Paulo; sp;5568200; São Jorge; 3782-1317
479;Juridica;6,30679E+13;1;Life Tech Brasil Com.Ind. Prd Bio Tec Ld;Life Tech Brasil Com.Ind. Prd Bio Tec Ld;3,73E+11;;; Itapevi; SP;6696060; Itaqui;8007725433
412;Juridica;6,39591E+13;1;Aureon Ind. Com de Equiptos Eletronicos;Aureon Ind. Com de Equiptos Eletronicos;1,13E+11;;; São Paulo; SP;2516000; Casa Verde; (11)  3966-6211
428;Juridica;6,3966E+13;1;M Formigoni Comercial Ltda;M Formigoni Comercial Ltda;1,13E+11;;; São Paulo; SP;4691040; Vila Gea; (11) 5631-2061
161;Juridica;6,40849E+13;1;Biocompany Comércio e Serviços Ltda;Biocompany Comércio e Serviços Ltda;1,13E+11;;; Sao Paulo; SP;4355000; Parque Jabaquara; (11) 5034-1700
263;Juridica;6,45687E+13;1;Comercial Graulab Ltda.;Comercial Graulab Ltda.;1,13E+11;;; São Paulo; sp;5777000; Jd. Campo Limpo; (11)5512-5744
53;Juridica;6,46313E+13;1;Multlab Coml & Importadora Ltda;Multlab Coml & Importadora Ltda;1,13E+11;;; São Paulo; SP;4217000; Ipiranga; (11) 6163-5510
338;Juridica;6,48042E+13;1;QSP Internacional Visão Comercial Ltda;QSP Internacional Visão Comercial Ltda;1,13E+11;;; São Paulo; SP;5116001; Vila Jaguara; (11)3621-8135
31;Juridica;6,56685E+13;1;Adenil Ind. Artefatos de Vidros Ltda-ME;Adenil Ind. Artefatos de Vidros Ltda-ME;1,13E+11;;; São Paulo; SP;3174000; Quarta Parada; (11)6601-1603
317;Juridica;6,57382E+13;1;Marimar Ind e Com Imp e Exp. de RPG Ltda;Marimar Ind e Com Imp e Exp. de RPG Ltda;1,13E+11;;; São Paulo; SP;4346000;  Jabaquara; (11)6884-6000
457;Juridica;6,59819E+13;1;Comercial Rumar Ltda;Comercial Rumar Ltda;1,13E+11;;; São Paulo; SP;1316000; Bela Vista; (11) 3105-7508
165;Juridica;6,61207E+13;1;ACRI-LABOR Bene. Com Chapas Acríl  Ltda;ACRI-LABOR Bene. Com Chapas Acríl  Ltda;6,75E+11;;; Taboão da Serra; SP;6767280; JD. S. Cecília; (11) 4137-1649
491;Juridica;6,64378E+13;1;HTS Tecnologia em Saude Com Imp. Exp LTD;HTS Tecnologia em Saude Com Imp. Exp LTD;isento;;; Lagoa Santa; MG;33400000; Centro; 31 - 361915
28;Juridica;6,67411E+13;1;Labway Diagnóstica Com. e Repres. Ltda;Labway Diagnóstica Com. e Repres. Ltda;4,92E+11;;; São paulo; SP;6120120; Jd. das Flores; (11) 3681-8430
34;Juridica;6,6936E+13;1;Mar Print Distrib. de Papéis e Informát.;Mar Print Distrib. de Papéis e Informát.;1,13E+11;;; São Paulo; SP;3429000; Vila Carrão; (11) 6942-8030
211;Juridica;6,69525E+13;1;Sweet Paper Com. Papeis e Desc. Ltda.;Sweet Paper Com. Papeis e Desc. Ltda.;6,75E+11;;; sao paulo; sp;5528220; Jd. Dracema; (11)3751-0074
97;Juridica;6,69884E+13;1;Good Pac Estrela Com. e Rep. Ltda.;Good Pac Estrela Com. e Rep. Ltda.;6,26E+11;;; Sto André; SP;9015610; Casa Branca; 11-4994-2400
423;Juridica;6,70364E+13;1;BRAKEY EQUIPAMENTOS DE HIGIENE;BRAKEY EQUIPAMENTOS DE HIGIENE;1,13E+11;;; São Paulo; SP;5419000; Pinheiros; 11 3031-7881
190;Juridica;6,74682E+13;1;Movatel Telecomunicações Ltda-Me;Movatel Telecomunicações Ltda-Me;1,13E+11;;; São Paulo;;5793210; Campo Limpo; 3814-2044
133;Juridica;6,77618E+13;1;F. P. Representações;F. P. Representações;1,14E+11;;; São Paulo; SP;3333000; Anália Franco; 6671-6001
32;Juridica;6,79034E+13;1;Beta Com. de Materiais de Limpeza Ltda;Beta Com. de Materiais de Limpeza Ltda;1,13E+11;;; São Paulo; SP;5108050; Jardim Marisa; (11) 3621-8801
56;Juridica;6,80693E+13;1;Lomed Com. Produtos Hospitalares Ltda;Lomed Com. Produtos Hospitalares Ltda;1,13E+11;;; São Paulo; Sp;2754110; Jardim Primavera; (11) 3936-4626
394;Juridica;6,81345E+13;1;Drugmed Comércio de Prod Med Hosp Ltda;Drugmed Comércio de Prod Med Hosp Ltda;1,13E+11;;; São Paulo; SP;3080010; Tatuape; (11) 2227-7800
418;Juridica;6,81469E+13;1;H.Brilho Com Assist. Tec Ltda  - Deca;H.Brilho Com Assist. Tec Ltda  - Deca;1,13E+11;;; São Paulo;;5512000; Morumbi; (11) 3032-5049
171;Juridica;6,83377E+13;1;Sigma Aldrich Brasil Ltda;Sigma Aldrich Brasil Ltda;1,15E+11;;; São Paullo; SP;4795100; Vila Almeida; (11)3732-3100
10;Juridica;6,84652E+13;1;Star Pack Com. Dis. Emb. Ltda;Star Pack Com. Dis. Emb. Ltda;1,14E+11;;; São Paulo; SP;4533013; Itaim Bibi; (11)3168-6287
99;Juridica;6,89441E+13;1;Eng System Com. e Eng. Informática Ltda;Eng System Com. e Eng. Informática Ltda;6,33E+11;;; Santos; SP;11035130; Ponta da Praia; (13) 3271-9512
58;Juridica;6,89492E+13;1;United Medical Ltda;United Medical Ltda;1,14E+11;;; São Paulo; SP;4532082; Moema; (11)5090-7233
248;Juridica;6,9055E+13;1;Microcenter Tele.Com. Repre Ltda.;Microcenter Tele.Com. Repre Ltda.;1,14E+11;;; São Paulo; SP;4577051; Brooklin;55060211
152;Juridica;6,90552E+13;1;Cinco Cirurgico Ltda. - EPP;Cinco Cirurgico Ltda. - EPP;1,14E+11;;; São Paulo; SP;2417140; Jd. Paraiso; 6952-2252
323;Juridica;6,90928E+13;1;Hoven Com. Imp e Exp. Ltda;Hoven Com. Imp e Exp. Ltda;1,14E+11;;; São  Paulo; SP;4044000; Vl Clementino; (11) 3488-6600
311;Juridica;6,92824E+13;1;Nova Daicopy Reproduções Ltda EPP;Nova Daicopy Reproduções Ltda EPP;Isento;;; São Paulo; SP;1401000; Jd Paulista;  3289-1761
81;Juridica;7,10159E+13;1;DiaMed-Latino América S.A;DiaMed-Latino América S.A;3,77E+12;;; Lagoa Santa;;33400000; Distrito Ind. de Lagoa Santa; (11)4338-8666
145;Juridica;7,16198E+13;1;Alka Tecnologia em Diagnósticos Ltda;Alka Tecnologia em Diagnósticos Ltda;1,14E+11;;; São Paulo; SP;4107020; Aclimação; (11) 5573-8814
106;Juridica;7,16309E+13;1;I.STULMAN IND. E COM DE ROUPAS LTDA-ME;I.STULMAN IND. E COM DE ROUPAS LTDA-ME;Isento;;; São Paulo; SP;3025040; Brás; (11)2693-7791
73;Juridica;7,16988E+13;1;Bio Express Com.de Prod. Méd. Hosp.Ltda;Bio Express Com.de Prod. Méd. Hosp.Ltda;1,15E+11;;; São Paulo; SP;4064010; Planalto Paulista; (11)5581-7440
388;Juridica;7,17027E+13;1;Officer Distri de Prod de Informáti S.A;Officer Distri de Prod de Informáti S.A;2,41E+11;;; Cajamar; SP;7750000; Área 3 - Jordanésia; (11) 5573-1597
339;Juridica;7,17883E+13;1;Olibras Telecomunicações Ltda;Olibras Telecomunicações Ltda;1,14E+11;;; São Paulo; SP;1034040; Centro; (11)3328-3900
43;Juridica;7,19573E+13;1;Greiner Bio-One Brasil Prod. Med. Hospit;Greiner Bio-One Brasil Prod. Med. Hospit;1,65E+11;;; Americana; SP;13473620; Vila Bertini; (19) 3468-9600
446;Juridica;7,22443E+13;1;Comercial Cirurgica Passos;Comercial Cirurgica Passos;Isento;;; Curitiba; SP;80320320; Portão; (41) 3323-1936
312;Juridica;7,27224E+13;1;Utilacril Com e Montagens  Acrílicos Ltd;Utilacril Com e Montagens  Acrílicos Ltd;1,14E+11;;; São Paulo; SP;4377035; Vila Santa Catarina; (11) 5677-5834
125;Juridica;7,31787E+13;1;Labor & Labor Bioclin Comercial Ltda;Labor & Labor Bioclin Comercial Ltda;4,92E+11;;; São Paulo; SP;6298000; Vila Ayrosa; 3686-8500
155;Juridica;7,43268E+13;1;MM Montagens Tecnicas Indus. e Com. Ltda;MM Montagens Tecnicas Indus. e Com. Ltda;0;;; Barueri; sp;6453990; Alphaville; 3603-2385
396;Juridica;7,43776E+13;1;Com de Prod  p/  Labo e Veteri Ltda-Me;Com de Prod  p/  Labo e Veteri Ltda-Me;1,14E+11;;; São Paulo; SP;5026000; V. Pampeia; (11) 3875-1936
192;Juridica;7,43966E+13;1;Relojoaria Cidade Ltda - Me;Relojoaria Cidade Ltda - Me;1,14E+11;;; São Paulo; SP;1401000; Bela Vista;
337;Juridica;7,44822E+13;1;Udipel Com de Papeis e Sup p/ Inf Ltda.;Udipel Com de Papeis e Sup p/ Inf Ltda.;4,92E+11;;; Osasco; SP;6040100; Jardim D'Abril; (11)3606-7822
247;Juridica;7,4582E+13;1;Ideal Sistemas de Higiene;Ideal Sistemas de Higiene;1,14E+11;;; São Paulo; sp;5305000; Vl. Leopoldina; 3646-2800
426;Juridica;7,50868E+13;1;Nilko Metalurgia LTDA;Nilko Metalurgia LTDA;ISENTO;;; São Paulo; SP;83325360; Vila Perneta; 11) 2093-6845
286;Juridica;7,53391E+13;1;Docol Metais Sanitários Ltda;Docol Metais Sanitários Ltda;Isento;;; Joinville; SC;89219502; Zona Industrial Norte;800474900
77;Juridica;7,90739E+13;1;RGM Com e Repres. de Prod. Hosp Ltda.;RGM Com e Repres. de Prod. Hosp Ltda.;1010113217;;; Curitiba; PR;82600290; Bacacheri; (41)3675-6150
121;Juridica;7,97153E+13;1;Bond Street Ind. e Com. de Bolsas Ltda.;Bond Street Ind. e Com. de Bolsas Ltda.;1260023787;;; Rio Negro; PR;83880000;; 014-3246-7244
454;Juridica;8,18878E+13;1;PROFARMA SPECIALTY S.A;PROFARMA SPECIALTY S.A;Isento;;; Curitiba; PR;81350274; Jd Paulista; 11 2179-9276
237;Juridica;8,68473E+13;1;Martlimp;Martlimp;1,15E+11;;; São Paulo; sp;360050;; 6643-5595
292;Juridica;9,31572E+13;1;Terumex Comercio de Prod. Hosp. Ltda.;Terumex Comercio de Prod. Hosp. Ltda.;9033124594;;; Pinhais; PR;83326250;; 41-3606-0676
